id_credito,cliente,dni,zona,producto,gestor,capital_original,saldo_capital,intereses_devengados,saldo_total,tasa_interes_anual,plazo_meses,fecha_inicio,fecha_vencimiento,dias_mora,bucket_mora,estado_credito,score_riesgo,pagos_ultimo_mes,fecha_ultimo_pago
CR-00001,Lucía Fernández,23838272,GBA Norte,Préstamo Nómina,Estudio C,300353.1,60070.62,694.85,60765.47,9.6,12,2023-12-04,2024-11-28,44,31-60 días,Mora Temprana,495,0.0,
CR-00002,Ana Flores,38923678,Tucumán,Préstamo Personal,Estudio D,147152.02,72070.11,231.65,72301.75,23.46,24,2023-10-31,2025-10-20,5,1-30 días,Mora Temprana,569,0.0,
CR-00003,Laura Martínez,27313676,Córdoba,Préstamo Personal,Estudio B,95121.21,50850.04,3374.28,54224.32,19.38,12,2024-10-20,2025-10-15,125,91-180 días,Mora Avanzada,674,0.0,
CR-00004,Luis López,35603951,GBA Oeste,Préstamo Nómina,Estudio D,97412.01,24672.54,1389.17,26061.7,22.1,12,2024-06-15,2025-06-10,93,91-180 días,Mora Avanzada,623,4499.94,2025-02-25
CR-00005,Agustín Fernández,43470149,CABA,Préstamo Nómina,Estudio D,204758.74,127159.56,28854.05,156013.62,22.94,36,2023-12-10,2026-11-24,361,+180 días,Incobrable,610,0.0,
CR-00006,Lucía Flores,28598111,CABA,Préstamo Personal,Estudio C,153015.37,30603.07,0.0,30603.07,17.72,12,2024-02-20,2025-02-14,0,Al día,Vigente,543,7192.2,2025-02-03
CR-00007,Florencia Romero,32378068,CABA,Refinanciación,Estudio D,104595.77,31409.47,0.0,31409.47,16.8,18,2024-01-29,2025-07-22,0,Al día,Vigente,568,0.0,
CR-00008,Carlos Torres,25630069,Rosario,Préstamo Nómina,Estudio C,149878.54,137650.33,0.0,137650.33,15.32,36,2025-01-08,2027-12-24,0,Al día,Vigente,699,6487.63,2025-03-19
CR-00009,Sofía García,40330385,GBA Oeste,Refinanciación,Estudio A,46097.36,29072.58,778.45,29851.03,13.39,24,2024-01-16,2026-01-05,73,61-90 días,Mora Temprana,300,0.0,
CR-00010,Ana Fernández,40375844,Córdoba,Préstamo Nómina,Estudio A,200479.59,40095.92,354.99,40450.91,15.39,6,2023-04-26,2023-10-23,21,1-30 días,Mora Temprana,578,15130.13,2025-01-17
CR-00011,Luis Martínez,44104068,CABA,Préstamo Nómina,Estudio C,99543.77,19908.75,0.0,19908.75,21.16,12,2023-06-19,2024-06-13,0,Al día,Vigente,623,0.0,
CR-00012,Valentina Torres,23843085,Tucumán,Préstamo Personal,Estudio A,303443.57,60688.71,0.0,60688.71,18.23,6,2024-01-03,2024-07-01,0,Al día,Vigente,697,0.0,
CR-00013,Ana Romero,25495068,Rosario,Refinanciación,Estudio B,145980.83,51214.67,0.0,51214.67,23.17,18,2024-02-28,2025-08-21,0,Al día,Vigente,428,0.0,
CR-00014,Luis Flores,30436734,CABA,Préstamo Nómina,Estudio D,149882.41,57045.6,0.0,57045.6,15.54,18,2024-02-08,2025-08-01,0,Al día,Vigente,420,11747.44,2025-01-29
CR-00015,Lucía Flores,23627192,CABA,Préstamo Personal,Estudio B,46500.49,16322.6,0.0,16322.6,18.32,12,2024-07-03,2025-06-28,0,Al día,Vigente,667,0.0,
CR-00016,Valentina González,39417437,CABA,Préstamo Personal,Estudio D,48246.76,24069.92,679.41,24749.34,18.73,48,2023-04-16,2027-03-26,55,31-60 días,Mora Temprana,300,0.0,
CR-00017,Luis Sánchez,20861624,GBA Norte,Préstamo Personal,Estudio A,152373.57,65039.72,0.0,65039.72,18.06,18,2024-02-17,2025-08-10,0,Al día,Vigente,779,0.0,
CR-00018,Pablo Rodríguez,30467548,GBA Sur,Préstamo Nómina,Estudio B,149760.18,29952.04,0.0,29952.04,19.94,12,2023-07-21,2024-07-15,0,Al día,Vigente,613,11272.41,2025-02-02
CR-00019,Camila Jiménez,39320532,GBA Sur,Refinanciación,Estudio A,198758.88,44445.01,0.0,44445.01,12.04,18,2023-10-19,2025-04-11,0,Al día,Vigente,813,14403.07,2025-03-16
CR-00020,Ana Ruiz,42728003,GBA Norte,Préstamo Personal,Estudio D,98944.76,78642.36,0.0,78642.36,16.71,24,2024-11-03,2026-10-24,0,Al día,Vigente,416,0.0,
CR-00021,Camila López,32593211,GBA Oeste,Préstamo Personal,Estudio C,199594.47,39918.89,10.69,39929.58,9.77,6,2024-09-19,2025-03-18,1,1-30 días,Mora Temprana,514,0.0,
CR-00022,Agustín González,33309514,CABA,Préstamo Personal,Estudio C,502850.17,100570.03,0.0,100570.03,14.54,12,2023-09-27,2024-09-21,0,Al día,Vigente,300,0.0,
CR-00023,Diego Rodríguez,43991912,GBA Norte,Refinanciación,Estudio B,303920.85,231092.73,2062.78,233155.52,16.29,24,2024-09-27,2026-09-17,20,1-30 días,Mora Temprana,460,0.0,
CR-00024,María Martínez,26654843,GBA Norte,Préstamo Nómina,Estudio A,54553.35,20145.78,0.0,20145.78,19.09,18,2023-12-16,2025-06-08,0,Al día,Vigente,552,0.0,
CR-00025,Camila Pérez,22550018,GBA Sur,Préstamo Nómina,Estudio A,152869.03,70988.92,0.0,70988.92,24.16,18,2024-04-30,2025-10-22,0,Al día,Vigente,300,0.0,
CR-00026,Carlos Fernández,39867507,Córdoba,Préstamo Personal,Estudio B,98154.07,24157.61,1494.58,25652.18,18.21,18,2023-11-02,2025-04-25,124,91-180 días,Mora Avanzada,520,0.0,
CR-00027,Sofía Fernández,43173174,CABA,Préstamo Personal,Estudio C,101881.35,20376.27,460.92,20837.19,20.64,6,2024-10-01,2025-03-30,40,31-60 días,Mora Temprana,300,0.0,
CR-00028,Diego Jiménez,41046762,GBA Sur,Préstamo Personal,Estudio D,999376.03,885386.56,16515.91,901902.48,16.61,12,2024-12-28,2025-12-23,41,31-60 días,Mora Temprana,541,0.0,
CR-00029,Diego Torres,28148673,GBA Oeste,Préstamo Personal,Estudio B,97546.71,50512.69,0.0,50512.69,18.78,18,2024-05-29,2025-11-20,0,Al día,Vigente,752,3607.28,2025-01-30
CR-00030,Laura Ruiz,23419240,CABA,Préstamo Nómina,Estudio D,153408.72,45315.29,0.0,45315.29,9.21,12,2024-04-23,2025-04-18,0,Al día,Vigente,574,3417.72,2025-02-06
CR-00031,Ana Flores,43393915,GBA Oeste,Préstamo Nómina,Estudio C,195384.26,39076.85,0.0,39076.85,12.32,6,2023-08-31,2024-02-27,0,Al día,Vigente,828,15567.37,2025-03-11
CR-00032,Martín Romero,30119435,CABA,Refinanciación,Estudio A,304017.62,60803.52,0.0,60803.52,14.15,24,2023-05-04,2025-04-23,0,Al día,Vigente,697,14872.29,2025-03-09
CR-00033,Carlos Morales,42959923,CABA,Refinanciación,Estudio C,199614.77,169956.0,0.0,169956.0,16.03,48,2025-02-05,2029-01-15,0,Al día,Vigente,782,0.0,
CR-00034,Sofía Fernández,40146470,Mendoza,Préstamo Personal,Estudio B,51372.01,10734.6,309.72,11044.33,8.78,24,2023-06-21,2025-06-10,120,91-180 días,Mora Avanzada,465,0.0,
CR-00035,Valentina Rodríguez,24061933,Tucumán,Préstamo Nómina,Estudio A,151593.54,132368.13,2258.69,134626.82,10.38,36,2024-12-31,2027-12-16,60,31-60 días,Mora Temprana,461,0.0,
CR-00036,Nicolás Díaz,38989545,Rosario,Refinanciación,Estudio B,203951.18,40790.24,0.0,40790.24,12.71,12,2023-07-11,2024-07-05,0,Al día,Vigente,631,7867.63,2025-01-16
CR-00037,Pablo Morales,21378051,GBA Norte,Préstamo Nómina,Estudio B,51366.7,47224.4,2315.51,49539.91,24.52,48,2024-08-26,2028-08-05,73,61-90 días,Mora Temprana,343,0.0,
CR-00038,Nicolás Pérez,31650225,CABA,Préstamo Personal,Estudio C,151139.34,111072.73,1369.04,112441.77,13.63,12,2024-11-27,2025-11-22,33,31-60 días,Mora Temprana,650,10625.27,2025-03-13
CR-00039,Pablo Martínez,37875964,Córdoba,Préstamo Personal,Estudio B,45666.52,32902.71,87.59,32990.3,16.19,48,2024-03-10,2028-02-18,6,1-30 días,Mora Temprana,531,0.0,
CR-00040,Agustín Fernández,34373980,GBA Sur,Préstamo Personal,Estudio C,50184.08,36933.66,1169.77,38103.43,11.33,48,2024-06-07,2028-05-17,102,91-180 días,Mora Avanzada,779,0.0,
CR-00041,Ana Díaz,42196972,CABA,Refinanciación,Estudio A,146501.69,121294.6,0.0,121294.6,18.38,24,2024-08-20,2026-08-10,0,Al día,Vigente,681,11436.57,2025-03-22
CR-00042,Luis Ruiz,32434295,GBA Sur,Préstamo Nómina,Estudio C,102374.34,71692.59,0.0,71692.59,12.77,48,2024-04-07,2028-03-17,0,Al día,Vigente,744,0.0,
CR-00043,Laura Fernández,22313804,CABA,Préstamo Personal,Estudio A,200122.22,163747.06,0.0,163747.06,11.52,18,2024-12-29,2026-06-22,0,Al día,Vigente,466,0.0,
CR-00044,Nicolás Martínez,36977226,Mendoza,Préstamo Nómina,Estudio C,201802.28,40360.46,0.0,40360.46,16.78,12,2023-10-25,2024-10-19,0,Al día,Vigente,737,16097.73,2025-02-25
CR-00045,Nicolás Fernández,41727946,GBA Norte,Préstamo Nómina,Estudio D,295416.73,181900.43,0.0,181900.43,8.09,18,2024-05-26,2025-11-17,0,Al día,Vigente,796,9297.54,2025-03-29
CR-00046,Sofía Rodríguez,31449818,Córdoba,Préstamo Personal,Estudio D,95847.92,51829.58,0.0,51829.58,8.13,18,2024-03-13,2025-09-04,0,Al día,Vigente,574,0.0,
CR-00047,Martín Díaz,20424535,GBA Norte,Préstamo Personal,Estudio B,102163.23,72332.88,0.0,72332.88,11.72,6,2025-01-27,2025-07-26,0,Al día,Vigente,469,5022.62,2025-03-24
CR-00048,Nicolás Pérez,34094832,GBA Sur,Préstamo Nómina,Estudio C,95720.84,50831.95,0.0,50831.95,8.62,18,2024-06-11,2025-12-03,0,Al día,Vigente,471,0.0,
CR-00049,María Pérez,36448439,GBA Sur,Préstamo Personal,Estudio C,195712.57,146017.06,0.0,146017.06,9.84,48,2023-08-26,2027-08-05,0,Al día,Vigente,765,0.0,
CR-00050,Diego Martínez,23541296,CABA,Préstamo Nómina,Estudio A,295121.08,173729.74,0.0,173729.74,13.76,12,2024-10-02,2025-09-27,0,Al día,Vigente,950,0.0,
CR-00051,Lucía Rodríguez,34546631,Tucumán,Préstamo Personal,Estudio B,54565.01,10913.0,64.71,10977.72,21.64,24,2023-06-05,2025-05-25,10,1-30 días,Mora Temprana,432,3461.57,2025-01-30
CR-00052,Agustín Morales,32153013,Córdoba,Préstamo Nómina,Estudio C,752375.08,419345.24,0.0,419345.24,17.72,36,2023-11-27,2026-11-11,0,Al día,Vigente,421,24619.74,2025-01-09
CR-00053,Lucía Díaz,41326697,Mendoza,Préstamo Personal,Estudio B,48532.51,41289.91,0.0,41289.91,16.72,36,2025-01-26,2028-01-11,0,Al día,Vigente,718,0.0,
CR-00054,Carlos Torres,35426292,Rosario,Préstamo Personal,Estudio D,197965.36,172882.85,0.0,172882.85,12.99,48,2024-06-17,2028-05-27,0,Al día,Vigente,466,12136.08,2025-02-09
CR-00055,Lucía López,43733339,GBA Oeste,Préstamo Nómina,Estudio C,298497.03,162504.42,4033.28,166537.71,23.84,18,2024-04-27,2025-10-19,38,31-60 días,Mora Temprana,732,0.0,
CR-00056,Valentina Flores,25133531,Mendoza,Préstamo Personal,Estudio C,502746.54,427683.12,0.0,427683.12,14.75,48,2024-10-20,2028-09-29,0,Al día,Vigente,649,0.0,
CR-00057,Luis López,34612523,CABA,Préstamo Personal,Estudio B,301613.71,129988.71,0.0,129988.71,9.48,24,2023-10-20,2025-10-09,0,Al día,Vigente,576,0.0,
CR-00058,Martín González,25910175,CABA,Préstamo Personal,Estudio C,296851.96,278080.85,0.0,278080.85,18.49,12,2025-01-16,2026-01-11,0,Al día,Vigente,646,0.0,
CR-00059,Laura Morales,44622084,CABA,Préstamo Nómina,Estudio B,146741.09,113737.66,11393.0,125130.66,9.94,18,2024-09-24,2026-03-18,368,+180 días,Incobrable,637,3029.9,2025-01-28
CR-00060,Lucía Flores,37506915,GBA Norte,Préstamo Nómina,Estudio C,295983.96,235006.73,0.0,235006.73,13.87,24,2024-09-08,2026-08-29,0,Al día,Vigente,553,18368.96,2025-03-22
CR-00061,Valentina Martínez,41825729,GBA Norte,Préstamo Nómina,Estudio A,51603.03,10320.61,0.0,10320.61,16.63,12,2023-10-11,2024-10-05,0,Al día,Vigente,316,0.0,
CR-00062,Lucía Pérez,29062461,GBA Norte,Préstamo Personal,Estudio B,502643.73,203427.51,12359.44,215786.95,22.86,18,2024-01-26,2025-07-19,97,91-180 días,Mora Avanzada,606,0.0,
CR-00063,Nicolás Ruiz,40666589,Rosario,Préstamo Personal,Estudio C,197650.46,122662.85,0.0,122662.85,16.39,24,2024-03-09,2026-02-27,0,Al día,Vigente,815,0.0,
CR-00064,Camila García,38058086,GBA Norte,Préstamo Personal,Estudio D,295209.45,59041.89,290.27,59332.16,19.94,12,2023-08-03,2024-07-28,9,1-30 días,Mora Temprana,338,0.0,
CR-00065,Luis Jiménez,36223484,GBA Norte,Préstamo Personal,Estudio C,145821.72,29164.34,1789.02,30953.36,24.88,18,2023-05-28,2024-11-18,90,61-90 días,Mora Temprana,435,0.0,
CR-00066,Ana Ruiz,35598575,GBA Sur,Préstamo Personal,Estudio D,204678.6,191712.17,14945.24,206657.41,10.24,24,2025-02-22,2027-02-12,278,+180 días,Incobrable,644,0.0,
CR-00067,Diego González,34615454,CABA,Préstamo Personal,Estudio D,197954.45,39590.89,1264.39,40855.28,12.67,18,2023-06-30,2024-12-21,92,91-180 días,Mora Avanzada,585,13052.95,2025-01-07
CR-00068,Laura Fernández,44529169,Rosario,Préstamo Personal,Estudio A,302692.23,60538.45,0.0,60538.45,14.71,6,2024-03-07,2024-09-03,0,Al día,Vigente,641,7321.51,2025-02-08
CR-00069,Luis Morales,39880149,CABA,Refinanciación,Estudio B,51246.64,16406.82,484.18,16891.0,15.17,6,2024-10-17,2025-04-15,71,61-90 días,Mora Temprana,475,2496.84,2025-02-25
CR-00070,Pablo Morales,29005859,Tucumán,Préstamo Personal,Estudio C,48819.4,9763.88,96.22,9860.1,14.99,12,2024-03-09,2025-03-04,24,1-30 días,Mora Temprana,754,0.0,
CR-00071,Agustín Pérez,30814747,Córdoba,Préstamo Personal,Estudio A,97056.87,81148.22,6667.41,87815.63,23.43,36,2024-09-22,2027-09-07,128,91-180 días,Mora Avanzada,587,0.0,
CR-00072,Luis Díaz,28237450,CABA,Préstamo Nómina,Estudio C,96213.86,19242.77,0.0,19242.77,20.14,12,2023-11-16,2024-11-10,0,Al día,Vigente,684,0.0,
CR-00073,Martín González,22907924,CABA,Préstamo Personal,Estudio D,501150.13,455291.59,3430.48,458722.07,18.33,18,2025-01-03,2026-06-27,15,1-30 días,Mora Temprana,628,0.0,
CR-00074,Florencia Morales,29359278,Rosario,Préstamo Nómina,Estudio B,102746.34,20549.27,0.0,20549.27,13.26,12,2024-02-26,2025-02-20,0,Al día,Vigente,606,0.0,
CR-00075,Lucía Sánchez,35126405,Córdoba,Préstamo Nómina,Estudio C,751439.04,150287.81,3624.11,153911.92,22.0,12,2023-04-12,2024-04-06,40,31-60 días,Mora Temprana,674,0.0,
CR-00076,María Rodríguez,28182699,Córdoba,Refinanciación,Estudio C,150303.02,65897.23,0.0,65897.23,24.24,24,2023-11-01,2025-10-21,0,Al día,Vigente,607,3051.86,2025-03-23
CR-00077,María Martínez,35593028,Córdoba,Préstamo Personal,Estudio D,95419.51,19139.82,0.0,19139.82,21.96,24,2023-05-19,2025-05-08,0,Al día,Vigente,401,0.0,
CR-00078,Agustín Romero,39120981,CABA,Refinanciación,Estudio C,304684.89,60936.98,241.21,61178.19,8.03,6,2023-06-07,2023-12-04,18,1-30 días,Mora Temprana,743,0.0,
CR-00079,Valentina Rodríguez,40479333,GBA Norte,Préstamo Personal,Estudio C,202987.14,166240.3,0.0,166240.3,18.82,18,2024-11-03,2026-04-27,0,Al día,Vigente,702,16045.55,2025-01-26
CR-00080,Agustín Torres,42420684,CABA,Préstamo Personal,Estudio D,147928.22,99588.68,1185.78,100774.46,8.87,6,2025-01-12,2025-07-11,49,31-60 días,Mora Temprana,300,0.0,
CR-00081,Sofía Morales,32716770,Rosario,Préstamo Personal,Estudio A,204799.7,125396.31,425.29,125821.61,12.38,18,2024-08-28,2026-02-19,10,1-30 días,Mora Temprana,481,0.0,
CR-00082,Pablo González,31287597,GBA Oeste,Refinanciación,Estudio D,301018.82,267212.43,4816.19,272028.62,9.01,24,2024-11-01,2026-10-22,73,61-90 días,Mora Temprana,736,17872.14,2025-02-20
CR-00083,Diego Martínez,20963012,GBA Norte,Préstamo Personal,Estudio A,100824.23,20164.85,665.97,20830.81,18.26,12,2023-08-09,2024-08-03,66,61-90 días,Mora Temprana,305,0.0,
CR-00084,María Romero,36586173,CABA,Préstamo Personal,Estudio B,1002480.73,508320.94,0.0,508320.94,19.67,12,2024-07-31,2025-07-26,0,Al día,Vigente,721,0.0,
CR-00085,Martín Fernández,30905665,GBA Norte,Préstamo Nómina,Estudio A,753117.7,519233.32,0.0,519233.32,9.95,12,2024-12-18,2025-12-13,0,Al día,Vigente,558,17159.16,2025-02-06
CR-00086,Camila García,26101533,GBA Norte,Préstamo Personal,Estudio A,201564.79,128130.6,0.0,128130.6,14.53,36,2023-07-14,2026-06-28,0,Al día,Vigente,781,11577.39,2025-03-01
CR-00087,Nicolás Fernández,36359461,Córdoba,Préstamo Personal,Estudio B,96280.96,68497.87,0.0,68497.87,15.76,48,2024-05-27,2028-05-06,0,Al día,Vigente,579,5542.5,2025-03-14
CR-00088,María Díaz,27117561,GBA Oeste,Préstamo Personal,Estudio A,198382.68,39676.54,1474.03,41150.57,14.27,6,2023-11-30,2024-05-28,95,91-180 días,Mora Avanzada,471,0.0,
CR-00089,María Ruiz,31905950,Rosario,Préstamo Personal,Estudio D,54280.84,10856.17,0.0,10856.17,10.06,24,2023-06-10,2025-05-30,0,Al día,Vigente,626,2732.46,2025-03-13
CR-00090,Lucía González,28668868,GBA Sur,Préstamo Personal,Estudio A,47246.16,9449.23,1103.99,10553.22,15.12,12,2023-12-21,2024-12-15,282,+180 días,Incobrable,575,0.0,
CR-00091,Pablo Fernández,31419876,CABA,Préstamo Personal,Estudio B,98721.67,64738.63,3794.42,68533.04,20.77,12,2024-10-21,2025-10-16,103,91-180 días,Mora Avanzada,458,0.0,
CR-00092,Sofía González,29383781,Córdoba,Préstamo Nómina,Estudio D,149320.77,98240.78,0.0,98240.78,9.21,24,2024-03-22,2026-03-12,0,Al día,Vigente,912,8860.36,2025-03-17
CR-00093,Pablo Sánchez,40003642,Córdoba,Préstamo Personal,Estudio B,499394.05,499394.05,6661.49,506055.54,9.36,36,2025-02-08,2028-01-24,52,31-60 días,Mora Temprana,434,0.0,
CR-00094,Valentina Rodríguez,43527822,GBA Oeste,Préstamo Personal,Estudio B,301129.4,220046.06,1438.01,221484.07,14.03,48,2023-08-11,2027-07-21,17,1-30 días,Mora Temprana,300,0.0,
CR-00095,Valentina Jiménez,29270035,Córdoba,Préstamo Nómina,Estudio C,304430.76,181286.72,0.0,181286.72,24.01,18,2024-08-03,2026-01-25,0,Al día,Vigente,817,21075.18,2025-03-25
CR-00096,Ana Díaz,38649252,GBA Sur,Préstamo Personal,Estudio C,147406.93,29481.39,2862.46,32343.85,19.37,12,2024-02-20,2025-02-14,183,+180 días,Incobrable,492,0.0,
CR-00097,Agustín Fernández,20340614,GBA Sur,Préstamo Nómina,Estudio B,146215.01,116525.59,0.0,116525.59,19.54,24,2024-08-25,2026-08-15,0,Al día,Vigente,535,0.0,
CR-00098,Lucía Morales,37335133,GBA Sur,Préstamo Personal,Estudio B,146974.7,29394.94,0.0,29394.94,14.15,12,2023-05-27,2024-05-21,0,Al día,Vigente,526,5747.76,2025-03-27
CR-00099,Valentina Ruiz,26410789,CABA,Préstamo Personal,Estudio B,1003869.25,440298.99,0.0,440298.99,18.09,18,2024-05-22,2025-11-13,0,Al día,Vigente,494,64102.76,2025-02-25
CR-00100,Laura Ruiz,22872694,CABA,Préstamo Personal,Estudio C,51458.11,10291.62,290.34,10581.96,8.17,12,2023-08-23,2024-08-17,126,91-180 días,Mora Avanzada,465,0.0,
CR-00101,Lucía Pérez,28098565,CABA,Préstamo Personal,Estudio C,497859.07,269349.65,12911.57,282261.22,18.81,24,2023-10-27,2025-10-16,93,91-180 días,Mora Avanzada,430,0.0,
CR-00102,Carlos Rodríguez,44161696,GBA Oeste,Préstamo Personal,Estudio A,203159.47,40631.89,0.0,40631.89,23.53,12,2023-12-15,2024-12-09,0,Al día,Vigente,589,4917.7,2025-02-02
CR-00103,Sofía López,33637464,GBA Norte,Préstamo Personal,Estudio A,153613.7,30722.74,0.0,30722.74,18.41,12,2024-02-17,2025-02-11,0,Al día,Vigente,519,0.0,
CR-00104,Martín García,36393952,GBA Sur,Préstamo Personal,Estudio B,303465.14,213370.76,0.0,213370.76,22.85,36,2024-04-11,2027-03-27,0,Al día,Vigente,689,15165.36,2025-01-07
CR-00105,Agustín Morales,38628622,Mendoza,Préstamo Personal,Estudio D,154189.27,62536.29,6680.33,69216.62,20.31,12,2024-06-11,2025-06-06,192,+180 días,Incobrable,652,0.0,
CR-00106,Agustín Rodríguez,28063933,CABA,Préstamo Personal,Estudio D,497522.41,358433.43,5427.78,363861.22,10.05,18,2024-08-01,2026-01-23,55,31-60 días,Mora Temprana,440,28190.32,2025-03-01
CR-00107,Valentina Ruiz,43173004,GBA Sur,Préstamo Personal,Estudio C,502550.42,100510.08,0.0,100510.08,23.34,12,2024-02-17,2025-02-11,0,Al día,Vigente,596,28872.29,2025-02-19
CR-00108,María Romero,35975033,Córdoba,Préstamo Personal,Estudio C,149605.39,29921.08,0.0,29921.08,9.13,6,2024-08-21,2025-02-17,0,Al día,Vigente,517,0.0,
CR-00109,Florencia Fernández,41672904,CABA,Préstamo Personal,Estudio C,103419.99,20684.0,958.08,21642.07,17.08,6,2024-03-29,2024-09-25,99,91-180 días,Mora Avanzada,431,0.0,
CR-00110,Nicolás Díaz,43885467,CABA,Préstamo Nómina,Estudio B,202284.91,82399.96,0.0,82399.96,10.42,12,2024-08-06,2025-08-01,0,Al día,Vigente,683,0.0,
CR-00111,Laura Jiménez,36469231,GBA Norte,Préstamo Personal,Estudio D,502764.47,317369.24,0.0,317369.24,8.2,36,2023-11-06,2026-10-21,0,Al día,Vigente,561,37354.25,2025-02-12
CR-00112,Lucía Romero,35038242,CABA,Préstamo Nómina,Estudio A,101561.62,20312.32,0.0,20312.32,15.17,12,2023-05-23,2024-05-17,0,Al día,Vigente,518,0.0,
CR-00113,Pablo Martínez,20578587,Mendoza,Préstamo Nómina,Estudio B,196774.29,188928.9,0.0,188928.9,13.02,48,2024-10-01,2028-09-10,0,Al día,Vigente,451,0.0,
CR-00114,María Pérez,23122352,Rosario,Préstamo Personal,Estudio A,200450.27,145460.51,0.0,145460.51,16.26,18,2024-10-31,2026-04-24,0,Al día,Vigente,425,13723.7,2025-03-16
CR-00115,Camila López,29872907,GBA Oeste,Préstamo Nómina,Estudio A,304846.7,216466.69,0.0,216466.69,17.81,18,2024-11-12,2026-05-06,0,Al día,Vigente,878,0.0,
CR-00116,Valentina Ruiz,27435541,Rosario,Refinanciación,Estudio B,104373.88,20874.78,0.0,20874.78,8.74,18,2023-07-10,2024-12-31,0,Al día,Vigente,630,0.0,
CR-00117,Florencia Romero,33569450,Rosario,Préstamo Personal,Estudio A,295431.74,77596.03,150.17,77746.19,10.09,18,2023-12-30,2025-06-22,7,1-30 días,Mora Temprana,416,0.0,
CR-00118,Florencia García,43212525,CABA,Préstamo Personal,Estudio D,496648.15,244607.14,6331.87,250939.01,17.5,24,2023-11-15,2025-11-04,54,31-60 días,Mora Temprana,623,0.0,
CR-00119,Pablo Pérez,28163966,Rosario,Préstamo Nómina,Estudio A,96317.29,41250.22,0.0,41250.22,13.83,12,2024-06-24,2025-06-19,0,Al día,Vigente,739,0.0,
CR-00120,Martín García,30274569,GBA Sur,Préstamo Nómina,Estudio D,102259.8,39185.46,6109.14,45294.6,20.4,12,2024-05-14,2025-05-09,279,+180 días,Incobrable,605,4485.77,2025-02-04
CR-00121,Carlos Morales,42278801,Rosario,Préstamo Personal,Estudio D,753177.85,584924.17,84736.14,669660.31,19.09,36,2024-05-13,2027-04-28,277,+180 días,Incobrable,786,29737.21,2025-03-20
CR-00122,Diego Morales,39513767,Rosario,Préstamo Personal,Estudio D,97135.11,81346.94,1146.95,82493.89,22.38,36,2024-11-05,2027-10-21,23,1-30 días,Mora Temprana,348,0.0,
CR-00123,Nicolás Ruiz,32382271,GBA Norte,Préstamo Personal,Estudio C,500058.53,361660.28,0.0,361660.28,19.77,36,2024-08-11,2027-07-27,0,Al día,Vigente,300,0.0,
CR-00124,Laura Martínez,35879986,CABA,Préstamo Personal,Estudio A,153407.03,95949.82,80.49,96030.31,15.31,18,2024-08-06,2026-01-28,2,1-30 días,Mora Temprana,619,5965.74,2025-03-14
CR-00125,Ana Martínez,38571470,CABA,Préstamo Nómina,Estudio B,102328.02,64871.72,0.0,64871.72,19.44,24,2024-07-22,2026-07-12,0,Al día,Vigente,621,0.0,
CR-00126,Florencia Torres,37814783,GBA Sur,Préstamo Personal,Estudio B,500422.37,352709.45,5146.87,357856.32,12.68,18,2024-11-03,2026-04-27,42,31-60 días,Mora Temprana,300,0.0,
CR-00127,Carlos Fernández,31534584,Rosario,Préstamo Personal,Estudio A,150903.48,150903.48,0.0,150903.48,13.21,18,2025-02-19,2026-08-13,0,Al día,Vigente,486,0.0,
CR-00128,Agustín Sánchez,34277538,Rosario,Préstamo Nómina,Estudio C,200083.61,78046.71,0.0,78046.71,21.41,12,2024-06-27,2025-06-22,0,Al día,Vigente,428,6111.96,2025-01-03
CR-00129,Nicolás Fernández,38467972,CABA,Préstamo Personal,Estudio C,147975.48,62491.34,1281.12,63772.46,15.59,18,2024-01-03,2025-06-26,48,31-60 días,Mora Temprana,371,0.0,
CR-00130,Camila Romero,31099514,GBA Sur,Préstamo Personal,Estudio D,200650.22,40130.04,0.0,40130.04,21.57,12,2024-01-01,2024-12-26,0,Al día,Vigente,428,7080.15,2025-01-02
CR-00131,Camila López,31804802,GBA Sur,Préstamo Nómina,Estudio A,101888.85,20377.77,0.0,20377.77,21.98,12,2023-06-02,2024-05-27,0,Al día,Vigente,669,0.0,
CR-00132,María Díaz,43583898,CABA,Préstamo Nómina,Estudio A,153733.23,145145.01,0.0,145145.01,22.58,36,2024-09-18,2027-09-03,0,Al día,Vigente,427,0.0,
CR-00133,Martín Romero,35225164,CABA,Préstamo Personal,Estudio B,751362.91,373578.68,0.0,373578.68,23.58,12,2024-09-10,2025-09-05,0,Al día,Vigente,432,0.0,
CR-00134,María Rodríguez,29090446,GBA Norte,Préstamo Personal,Estudio A,102611.22,51469.39,994.18,52463.57,15.33,6,2024-12-15,2025-06-13,46,31-60 días,Mora Temprana,337,0.0,
CR-00135,Valentina Jiménez,30288560,Mendoza,Préstamo Personal,Estudio C,196600.72,39320.14,0.0,39320.14,13.42,6,2023-06-07,2023-12-04,0,Al día,Vigente,770,13484.1,2025-02-08
CR-00136,Pablo González,28435707,GBA Norte,Préstamo Personal,Estudio A,149615.57,78088.36,0.0,78088.36,17.9,36,2023-05-19,2026-05-03,0,Al día,Vigente,645,0.0,
CR-00137,Luis Morales,27735573,GBA Sur,Préstamo Personal,Estudio B,295093.32,93760.4,2095.27,95855.67,14.31,18,2023-12-02,2025-05-25,57,31-60 días,Mora Temprana,300,0.0,
CR-00138,Valentina Ruiz,24048539,Córdoba,Préstamo Personal,Estudio D,97466.79,59731.93,0.0,59731.93,18.22,18,2024-04-29,2025-10-21,0,Al día,Vigente,432,0.0,
CR-00139,Agustín Flores,44202286,GBA Norte,Préstamo Personal,Estudio B,752264.62,707071.67,0.0,707071.67,19.99,24,2024-12-05,2026-11-25,0,Al día,Vigente,659,0.0,
CR-00140,Luis Flores,26462056,Tucumán,Préstamo Personal,Estudio B,154918.1,154918.1,0.0,154918.1,19.7,24,2025-01-18,2027-01-08,0,Al día,Vigente,772,5562.39,2025-01-30
CR-00141,Laura González,30588032,Tucumán,Préstamo Personal,Estudio D,95991.78,19198.36,415.63,19613.99,14.37,12,2024-02-03,2025-01-28,55,31-60 días,Mora Temprana,706,6149.1,2025-01-24
CR-00142,Lucía Díaz,24011591,GBA Norte,Préstamo Personal,Estudio B,49014.94,35897.22,468.94,36366.16,10.84,24,2024-05-08,2026-04-28,44,31-60 días,Mora Temprana,526,2850.53,2025-01-08
CR-00143,Diego Sánchez,44926952,GBA Sur,Préstamo Personal,Estudio B,103000.71,34954.76,0.0,34954.76,15.32,24,2023-11-02,2025-10-22,0,Al día,Vigente,300,7467.48,2025-03-18
CR-00144,Florencia Romero,37980610,GBA Norte,Préstamo Personal,Estudio A,197040.36,111656.44,11702.96,123359.4,10.42,24,2024-03-10,2026-02-28,367,+180 días,Incobrable,710,4918.97,2025-03-26
CR-00145,Martín Fernández,43158046,GBA Norte,Préstamo Personal,Estudio A,150550.85,100512.26,8535.67,109047.93,23.13,12,2024-11-22,2025-11-17,134,91-180 días,Mora Avanzada,535,0.0,
CR-00146,Luis Martínez,26212597,CABA,Préstamo Nómina,Estudio D,302330.71,262441.49,0.0,262441.49,13.88,36,2024-09-04,2027-08-20,0,Al día,Vigente,590,0.0,
CR-00147,Carlos Pérez,26427048,GBA Oeste,Préstamo Personal,Estudio A,151159.85,30231.97,0.0,30231.97,10.63,18,2023-10-04,2025-03-27,0,Al día,Vigente,553,0.0,
CR-00148,Ana Torres,27260663,GBA Sur,Préstamo Nómina,Estudio A,96880.25,19376.05,44.76,19420.81,8.43,12,2024-05-09,2025-05-04,10,1-30 días,Mora Temprana,376,4487.17,2025-01-02
CR-00149,Valentina Martínez,44783459,CABA,Préstamo Nómina,Estudio B,198553.85,115483.94,1561.26,117045.2,18.98,18,2024-04-14,2025-10-06,26,1-30 días,Mora Temprana,634,13028.85,2025-01-01
CR-00150,Pablo Martínez,36247008,GBA Norte,Préstamo Personal,Estudio C,302837.92,235927.37,0.0,235927.37,18.83,6,2025-01-26,2025-07-25,0,Al día,Vigente,613,13694.33,2025-01-20
CR-00151,Ana Fernández,29277787,Mendoza,Préstamo Personal,Estudio A,100542.27,20108.45,0.0,20108.45,13.79,12,2024-02-21,2025-02-15,0,Al día,Vigente,516,7702.86,2025-01-20
CR-00152,Agustín Díaz,44313038,CABA,Préstamo Personal,Estudio C,95052.3,67030.11,355.54,67385.65,9.22,24,2024-04-12,2026-04-02,21,1-30 días,Mora Temprana,650,0.0,
CR-00153,Ana Martínez,39783253,CABA,Préstamo Personal,Estudio A,52609.91,10521.98,418.42,10940.4,14.96,6,2024-04-27,2024-10-24,97,91-180 días,Mora Avanzada,373,0.0,
CR-00154,Carlos Morales,37603892,GBA Sur,Préstamo Nómina,Estudio A,295353.11,59070.62,0.0,59070.62,13.29,18,2023-06-10,2024-12-01,0,Al día,Vigente,539,7169.84,2025-01-16
CR-00155,Ana Jiménez,40024974,Tucumán,Préstamo Personal,Estudio D,202457.34,157487.45,3367.39,160854.84,19.51,18,2024-08-26,2026-02-17,40,31-60 días,Mora Temprana,583,14426.2,2025-03-24
CR-00156,Diego Fernández,29495860,CABA,Préstamo Personal,Estudio D,147024.81,29404.96,5424.82,34829.78,18.3,6,2023-12-04,2024-06-01,368,+180 días,Incobrable,319,9835.68,2024-12-31
CR-00157,Valentina Martínez,23373096,Córdoba,Préstamo Personal,Estudio D,304580.73,235584.58,0.0,235584.58,14.2,48,2023-10-21,2027-09-30,0,Al día,Vigente,571,7983.3,2025-03-11
CR-00158,Laura Díaz,26513505,Córdoba,Préstamo Personal,Estudio C,298679.41,241774.09,3953.92,245728.01,11.7,12,2025-02-15,2026-02-10,51,31-60 días,Mora Temprana,690,0.0,
CR-00159,Martín Martínez,29940381,CABA,Préstamo Nómina,Estudio B,198269.32,39653.86,0.0,39653.86,24.8,12,2023-11-17,2024-11-11,0,Al día,Vigente,534,5168.85,2025-01-04
CR-00160,Valentina López,27633068,Córdoba,Préstamo Personal,Estudio A,496488.88,99297.78,4361.59,103659.37,15.72,12,2023-06-09,2024-06-03,102,91-180 días,Mora Avanzada,574,0.0,
CR-00161,Agustín Morales,32109159,GBA Norte,Préstamo Personal,Estudio A,98056.04,19611.21,0.0,19611.21,19.7,12,2023-08-16,2024-08-10,0,Al día,Vigente,664,0.0,
CR-00162,Florencia Torres,26021059,GBA Oeste,Refinanciación,Estudio A,103766.51,78112.13,0.0,78112.13,10.39,6,2025-02-22,2025-08-21,0,Al día,Vigente,521,0.0,
CR-00163,Pablo Sánchez,30142417,GBA Oeste,Préstamo Nómina,Estudio C,104963.34,46046.09,492.15,46538.24,16.26,24,2023-09-12,2025-09-01,24,1-30 días,Mora Temprana,535,0.0,
CR-00164,Luis Ruiz,20474740,GBA Sur,Préstamo Personal,Estudio D,48683.1,35046.88,813.1,35859.98,8.47,48,2024-04-21,2028-03-31,100,91-180 días,Mora Avanzada,403,0.0,
CR-00165,Martín Ruiz,43757158,CABA,Préstamo Personal,Estudio B,199486.11,141739.24,17719.36,159458.59,16.59,12,2024-12-21,2025-12-16,275,+180 días,Incobrable,577,15575.51,2025-01-12
CR-00166,Sofía Martínez,37922599,Rosario,Préstamo Personal,Estudio C,752220.71,594586.39,0.0,594586.39,24.39,24,2024-11-15,2026-11-05,0,Al día,Vigente,529,0.0,
CR-00167,Carlos Fernández,24247419,GBA Norte,Préstamo Personal,Estudio D,53861.96,36073.67,0.0,36073.67,14.53,24,2024-06-19,2026-06-09,0,Al día,Vigente,654,0.0,
CR-00168,Lucía González,29204360,CABA,Préstamo Personal,Estudio C,100930.44,49434.75,0.0,49434.75,8.66,24,2023-11-02,2025-10-22,0,Al día,Vigente,664,5327.45,2025-02-11
CR-00169,Diego González,21527253,CABA,Préstamo Personal,Estudio B,148915.26,78182.77,0.0,78182.77,8.53,18,2024-05-01,2025-10-23,0,Al día,Vigente,698,0.0,
CR-00170,Sofía Sánchez,21829589,GBA Oeste,Préstamo Personal,Estudio D,749126.22,295146.36,2714.56,297860.92,14.6,12,2024-08-01,2025-07-27,23,1-30 días,Mora Temprana,503,0.0,
CR-00171,Nicolás Flores,38567645,Córdoba,Préstamo Personal,Estudio C,151956.18,40375.74,0.0,40375.74,10.72,12,2024-03-14,2025-03-09,0,Al día,Vigente,300,0.0,
CR-00172,Ana Díaz,29802479,CABA,Préstamo Nómina,Estudio B,195032.18,99266.4,0.0,99266.4,8.4,24,2024-03-14,2026-03-04,0,Al día,Vigente,691,4756.55,2025-02-22
CR-00173,Lucía Díaz,43401444,GBA Sur,Préstamo Personal,Estudio A,51195.89,24980.45,214.1,25194.55,20.86,24,2023-10-30,2025-10-19,15,1-30 días,Mora Temprana,644,3372.71,2025-03-04
CR-00174,Carlos García,24237236,CABA,Préstamo Personal,Estudio B,98554.93,19710.99,0.0,19710.99,15.79,12,2023-09-17,2024-09-11,0,Al día,Vigente,484,0.0,
CR-00175,Sofía Flores,41403353,GBA Oeste,Préstamo Personal,Estudio A,1002941.97,692039.45,23511.28,715550.73,12.92,12,2024-09-30,2025-09-25,96,91-180 días,Mora Avanzada,663,73472.02,2025-02-27
CR-00176,Diego Ruiz,36471155,CABA,Refinanciación,Estudio C,745929.91,648777.23,0.0,648777.23,23.3,36,2024-05-05,2027-04-20,0,Al día,Vigente,362,0.0,
CR-00177,Nicolás Fernández,23442270,Córdoba,Préstamo Personal,Estudio D,50882.02,48106.43,223.48,48329.91,9.97,24,2025-02-14,2027-02-04,17,1-30 días,Mora Temprana,734,0.0,
CR-00178,Luis Martínez,20411558,GBA Norte,Préstamo Personal,Estudio D,749809.73,739692.19,0.0,739692.19,24.25,48,2024-11-04,2028-10-14,0,Al día,Vigente,529,46302.92,2025-01-12
CR-00179,Luis Romero,39262398,Mendoza,Refinanciación,Estudio C,201423.26,135912.07,1340.91,137252.99,13.34,24,2024-09-24,2026-09-14,27,1-30 días,Mora Temprana,455,0.0,
CR-00180,Martín López,29540844,CABA,Préstamo Nómina,Estudio D,495648.54,99129.71,4141.15,103270.85,23.1,12,2023-06-18,2024-06-12,66,61-90 días,Mora Temprana,486,0.0,
CR-00181,Sofía López,35750347,GBA Norte,Préstamo Nómina,Estudio D,150799.84,93308.82,0.0,93308.82,18.25,18,2024-05-18,2025-11-09,0,Al día,Vigente,545,11775.47,2025-03-27
CR-00182,Laura Sánchez,36062983,CABA,Préstamo Personal,Estudio A,200614.85,166338.08,0.0,166338.08,22.05,24,2024-12-07,2026-11-27,0,Al día,Vigente,578,0.0,
CR-00183,Luis Jiménez,34779680,Mendoza,Préstamo Personal,Estudio C,150606.6,105439.24,0.0,105439.24,24.73,6,2025-02-12,2025-08-11,0,Al día,Vigente,587,0.0,
CR-00184,Florencia Fernández,31432194,Rosario,Préstamo Nómina,Estudio B,201034.88,150487.54,1063.96,151551.5,12.9,18,2024-11-20,2026-05-14,20,1-30 días,Mora Temprana,515,0.0,
CR-00185,Martín Ruiz,26186218,GBA Norte,Refinanciación,Estudio A,101764.68,89042.85,4334.48,93377.33,24.34,24,2024-09-07,2026-08-28,73,61-90 días,Mora Temprana,610,0.0,
CR-00186,Nicolás Jiménez,21723916,Córdoba,Préstamo Personal,Estudio C,53049.89,10609.98,0.0,10609.98,14.62,12,2023-08-07,2024-08-01,0,Al día,Vigente,581,0.0,
CR-00187,Valentina Fernández,28471768,Rosario,Préstamo Personal,Estudio A,147698.21,132191.74,0.0,132191.74,14.55,24,2025-02-27,2027-02-17,0,Al día,Vigente,482,0.0,
CR-00188,Ana Díaz,36029931,GBA Oeste,Préstamo Personal,Estudio B,303250.49,303250.49,3779.89,307030.38,13.79,18,2025-02-25,2026-08-19,33,31-60 días,Mora Temprana,460,0.0,
CR-00189,Valentina Jiménez,23828129,GBA Sur,Préstamo Nómina,Estudio B,99982.56,82742.7,0.0,82742.7,17.2,48,2023-11-12,2027-10-22,0,Al día,Vigente,671,0.0,
CR-00190,Ana Fernández,22192561,CABA,Préstamo Personal,Estudio C,195770.58,39154.12,0.0,39154.12,10.62,6,2023-06-04,2023-12-01,0,Al día,Vigente,658,0.0,
CR-00191,Florencia Ruiz,33445510,CABA,Préstamo Personal,Estudio B,745585.51,218950.52,0.0,218950.52,17.41,12,2024-04-09,2025-04-04,0,Al día,Vigente,588,0.0,
CR-00192,Nicolás Martínez,36500276,Rosario,Préstamo Personal,Estudio A,48342.38,28919.22,0.0,28919.22,17.21,18,2024-08-25,2026-02-16,0,Al día,Vigente,718,2243.73,2025-02-18
CR-00193,María González,22485785,Mendoza,Préstamo Personal,Estudio B,202848.97,89839.49,0.0,89839.49,20.95,12,2024-07-07,2025-07-02,0,Al día,Vigente,300,0.0,
CR-00194,Martín Sánchez,39361617,GBA Oeste,Préstamo Personal,Estudio A,152076.81,32749.78,2009.29,34759.07,22.17,24,2023-07-22,2025-07-11,101,91-180 días,Mora Avanzada,495,0.0,
CR-00195,Luis Jiménez,41120693,GBA Norte,Préstamo Personal,Estudio A,502886.15,135115.09,802.64,135917.73,15.49,24,2023-06-25,2025-06-14,14,1-30 días,Mora Temprana,406,29019.23,2025-01-15
CR-00196,Sofía Morales,43033474,GBA Norte,Préstamo Nómina,Estudio B,100172.69,20034.54,0.0,20034.54,13.14,12,2023-11-25,2024-11-19,0,Al día,Vigente,918,0.0,
CR-00197,Ana López,21798822,Córdoba,Préstamo Personal,Estudio C,199401.99,79874.52,0.0,79874.52,12.41,18,2023-12-23,2025-06-15,0,Al día,Vigente,686,7027.3,2025-03-27
CR-00198,Sofía García,25091113,Rosario,Préstamo Personal,Estudio D,296474.53,90308.98,1035.26,91344.24,11.31,18,2023-12-29,2025-06-21,37,31-60 días,Mora Temprana,568,23400.17,2025-02-22
CR-00199,Sofía Rodríguez,25006240,Rosario,Préstamo Personal,Estudio B,748281.93,149656.39,0.0,149656.39,8.98,12,2024-03-05,2025-02-28,0,Al día,Vigente,697,0.0,
CR-00200,Florencia Ruiz,38885762,Córdoba,Préstamo Personal,Estudio A,199340.19,106284.08,0.0,106284.08,13.82,36,2023-10-08,2026-09-22,0,Al día,Vigente,747,15049.91,2025-03-15
CR-00201,Camila Sánchez,30195028,GBA Oeste,Préstamo Personal,Estudio A,145886.0,126018.99,0.0,126018.99,12.59,24,2024-10-10,2026-09-30,0,Al día,Vigente,745,9794.81,2025-02-17
CR-00202,Laura González,22858196,CABA,Préstamo Personal,Estudio B,197206.12,197206.12,25341.72,222547.84,24.43,24,2025-02-25,2027-02-15,192,+180 días,Incobrable,718,0.0,
CR-00203,Agustín Flores,28327906,CABA,Préstamo Personal,Estudio C,500982.25,172772.43,7447.18,180219.61,17.48,24,2023-05-06,2025-04-25,90,61-90 días,Mora Temprana,540,0.0,
CR-00204,Camila Romero,23974574,Rosario,Préstamo Personal,Estudio C,202356.63,60248.24,0.0,60248.24,13.9,18,2024-01-10,2025-07-03,0,Al día,Vigente,504,9010.45,2025-01-05
CR-00205,Lucía Flores,38725823,GBA Oeste,Préstamo Personal,Estudio A,54983.48,54983.48,0.0,54983.48,17.87,36,2025-01-20,2028-01-05,0,Al día,Vigente,435,0.0,
CR-00206,Martín López,33964482,CABA,Refinanciación,Estudio A,754331.13,414979.0,3182.16,418161.16,10.37,24,2024-02-02,2026-01-22,27,1-30 días,Mora Temprana,655,0.0,
CR-00207,Luis Rodríguez,40344644,CABA,Préstamo Personal,Estudio C,201425.65,55512.16,0.0,55512.16,15.55,24,2023-07-09,2025-06-28,0,Al día,Vigente,556,0.0,
CR-00208,Luis García,40002697,Córdoba,Préstamo Nómina,Estudio D,199212.48,142750.75,0.0,142750.75,18.65,36,2024-08-01,2027-07-17,0,Al día,Vigente,517,0.0,
CR-00209,Pablo Flores,40750676,CABA,Préstamo Personal,Estudio B,101361.77,72603.27,0.0,72603.27,16.31,12,2024-11-02,2025-10-28,0,Al día,Vigente,509,0.0,
CR-00210,Valentina García,27572803,CABA,Préstamo Nómina,Estudio A,202856.52,155759.82,11518.13,167277.95,14.83,24,2024-07-10,2026-06-30,182,+180 días,Incobrable,797,9481.17,2025-03-16
CR-00211,Agustín Pérez,37534624,GBA Sur,Préstamo Nómina,Estudio A,146183.36,53064.79,0.0,53064.79,24.9,12,2024-07-03,2025-06-28,0,Al día,Vigente,722,10779.36,2025-01-21
CR-00212,Ana García,32763368,Córdoba,Préstamo Personal,Estudio C,199099.05,39819.81,0.0,39819.81,22.97,12,2024-04-08,2025-04-03,0,Al día,Vigente,854,5489.0,2025-01-06
CR-00213,Pablo Sánchez,35116756,Córdoba,Préstamo Personal,Estudio B,103398.02,96994.73,0.0,96994.73,18.6,12,2025-02-12,2026-02-07,0,Al día,Vigente,659,0.0,
CR-00214,Valentina Morales,34855251,CABA,Préstamo Personal,Estudio C,198838.33,137536.47,6328.73,143865.2,17.68,48,2024-03-25,2028-03-04,95,91-180 días,Mora Avanzada,588,5735.92,2025-02-04
CR-00215,Nicolás Romero,29977515,Córdoba,Préstamo Personal,Estudio B,1000718.72,868968.25,0.0,868968.25,18.55,36,2025-01-23,2028-01-08,0,Al día,Vigente,576,0.0,
CR-00216,María García,39747626,CABA,Refinanciación,Estudio B,50877.69,36101.67,723.05,36824.72,11.42,24,2024-05-13,2026-05-03,64,61-90 días,Mora Temprana,426,0.0,
CR-00217,Valentina Fernández,34389141,GBA Norte,Préstamo Nómina,Estudio B,746844.76,405242.29,6862.79,412105.08,14.72,24,2023-12-18,2025-12-07,42,31-60 días,Mora Temprana,390,44506.12,2025-03-21
CR-00218,Nicolás López,30246860,Córdoba,Refinanciación,Estudio A,148622.35,90496.12,0.0,90496.12,8.67,18,2024-07-11,2026-01-02,0,Al día,Vigente,656,6821.03,2025-02-05
CR-00219,Carlos Torres,39080038,GBA Oeste,Préstamo Personal,Estudio D,498345.11,383675.03,3043.3,386718.33,16.08,36,2024-08-20,2027-08-05,18,1-30 días,Mora Temprana,439,32799.17,2025-01-12
CR-00220,Carlos Díaz,40838219,Rosario,Préstamo Nómina,Estudio C,295261.97,234401.02,0.0,234401.02,17.23,18,2024-08-29,2026-02-20,0,Al día,Vigente,611,0.0,
CR-00221,Nicolás Martínez,22020993,Córdoba,Refinanciación,Estudio D,195241.92,39048.38,0.0,39048.38,11.87,12,2024-02-07,2025-02-01,0,Al día,Vigente,747,11625.11,2025-01-29
CR-00222,Sofía Fernández,40455818,GBA Oeste,Préstamo Personal,Estudio C,303316.97,144237.68,2505.79,146743.47,24.39,12,2024-08-22,2025-08-17,26,1-30 días,Mora Temprana,480,0.0,
CR-00223,Florencia Torres,44833276,CABA,Préstamo Personal,Estudio B,497730.71,461783.66,0.0,461783.66,23.46,24,2024-11-27,2026-11-17,0,Al día,Vigente,881,13077.26,2025-02-04
CR-00224,Luis Torres,23329726,GBA Norte,Préstamo Nómina,Estudio A,150180.79,51032.72,5414.78,56447.51,20.28,24,2023-09-22,2025-09-11,191,+180 días,Incobrable,431,0.0,
CR-00225,Pablo García,26972205,GBA Norte,Préstamo Personal,Estudio D,147987.26,31721.96,0.0,31721.96,17.07,12,2024-05-28,2025-05-23,0,Al día,Vigente,728,7643.51,2025-02-21
CR-00226,Pablo Fernández,40988801,CABA,Préstamo Nómina,Estudio A,204406.79,40881.36,0.0,40881.36,22.79,6,2024-07-14,2025-01-10,0,Al día,Vigente,643,14204.27,2025-03-07
CR-00227,Sofía Díaz,27080830,Tucumán,Préstamo Personal,Estudio C,297592.97,109763.91,0.0,109763.91,10.22,24,2023-08-01,2025-07-21,0,Al día,Vigente,759,0.0,
CR-00228,Pablo Torres,28880050,GBA Norte,Préstamo Nómina,Estudio A,299296.57,59859.31,1336.04,61195.36,21.44,6,2024-06-15,2024-12-12,38,31-60 días,Mora Temprana,412,0.0,
CR-00229,Valentina Pérez,42160291,Rosario,Préstamo Personal,Estudio A,303727.3,151445.1,0.0,151445.1,10.12,24,2024-03-30,2026-03-20,0,Al día,Vigente,926,0.0,
CR-00230,Florencia Rodríguez,22724199,GBA Oeste,Préstamo Personal,Estudio D,153419.34,92588.83,0.0,92588.83,21.5,48,2023-11-02,2027-10-12,0,Al día,Vigente,553,0.0,
CR-00231,Luis Díaz,25269961,Córdoba,Préstamo Personal,Estudio B,296861.01,87102.69,0.0,87102.69,12.69,18,2023-11-30,2025-05-23,0,Al día,Vigente,681,12011.36,2025-01-12
CR-00232,Agustín Pérez,28048539,GBA Sur,Préstamo Nómina,Estudio A,103026.43,32967.76,0.0,32967.76,22.91,12,2024-06-24,2025-06-19,0,Al día,Vigente,796,8006.38,2025-02-07
CR-00233,Luis Rodríguez,25832214,GBA Oeste,Préstamo Nómina,Estudio B,199581.87,116902.02,9704.91,126606.94,24.05,24,2024-03-29,2026-03-19,126,91-180 días,Mora Avanzada,489,10546.78,2025-02-08
CR-00234,Sofía López,38521786,GBA Sur,Préstamo Personal,Estudio C,49829.69,37972.38,0.0,37972.38,10.53,24,2024-09-05,2026-08-26,0,Al día,Vigente,703,1188.7,2025-03-11
CR-00235,Lucía Díaz,22518759,CABA,Préstamo Personal,Estudio A,146334.8,42913.58,1100.54,44014.12,15.87,18,2023-11-03,2025-04-26,59,31-60 días,Mora Temprana,464,0.0,
CR-00236,Laura Sánchez,25252363,Córdoba,Préstamo Nómina,Estudio D,145806.02,107432.7,0.0,107432.7,24.68,48,2023-08-12,2027-07-22,0,Al día,Vigente,789,8057.4,2025-02-18
CR-00237,Diego Morales,20089782,GBA Norte,Préstamo Personal,Estudio C,152279.39,30455.88,0.0,30455.88,16.22,6,2023-08-25,2024-02-21,0,Al día,Vigente,465,11230.24,2025-02-26
CR-00238,Camila Morales,33707575,CABA,Préstamo Nómina,Estudio C,199964.61,84096.19,5277.81,89374.0,22.68,18,2024-03-13,2025-09-04,101,91-180 días,Mora Avanzada,585,0.0,
CR-00239,Carlos García,35116395,GBA Oeste,Préstamo Personal,Estudio D,149368.51,135710.0,24774.03,160484.03,18.01,24,2024-09-27,2026-09-17,370,+180 días,Incobrable,625,6115.62,2025-01-23
CR-00240,Martín Torres,43131456,CABA,Préstamo Personal,Estudio A,152295.08,63744.1,0.0,63744.1,14.38,36,2023-06-16,2026-05-31,0,Al día,Vigente,697,11874.99,2025-02-18
CR-00241,Pablo Fernández,39924997,Mendoza,Préstamo Personal,Estudio A,102655.13,77361.22,0.0,77361.22,12.86,12,2024-11-02,2025-10-28,0,Al día,Vigente,875,6990.52,2025-02-20
CR-00242,Carlos Romero,35767646,Tucumán,Préstamo Personal,Estudio C,146589.08,127118.93,79.79,127198.72,11.45,24,2024-10-01,2026-09-21,2,1-30 días,Mora Temprana,512,0.0,
CR-00243,Luis Romero,29773040,Mendoza,Préstamo Nómina,Estudio A,101102.25,50032.77,1005.14,51037.91,20.95,18,2024-04-26,2025-10-18,35,31-60 días,Mora Temprana,750,0.0,
CR-00244,Laura López,21095211,GBA Norte,Préstamo Personal,Estudio B,46353.54,9270.71,0.0,9270.71,14.57,12,2023-04-28,2024-04-22,0,Al día,Vigente,875,1965.97,2025-01-14
CR-00245,Florencia Pérez,27767053,CABA,Préstamo Personal,Estudio D,202513.75,202513.75,0.0,202513.75,16.69,12,2025-02-20,2026-02-15,0,Al día,Vigente,604,0.0,
CR-00246,Florencia Fernández,29667195,Mendoza,Préstamo Nómina,Estudio B,201569.55,169925.66,0.0,169925.66,16.37,36,2024-07-02,2027-06-17,0,Al día,Vigente,497,0.0,
CR-00247,Florencia Martínez,43721501,GBA Sur,Préstamo Personal,Estudio A,204566.15,40913.23,0.0,40913.23,17.81,12,2023-06-22,2024-06-16,0,Al día,Vigente,320,0.0,
CR-00248,Diego Rodríguez,29486454,Tucumán,Préstamo Personal,Estudio C,145689.58,106083.69,0.0,106083.69,22.71,12,2024-11-02,2025-10-28,0,Al día,Vigente,862,0.0,
CR-00249,María Sánchez,43588348,Tucumán,Refinanciación,Estudio D,145570.55,133986.56,0.0,133986.56,24.67,12,2025-02-02,2026-01-28,0,Al día,Vigente,543,0.0,
CR-00250,Nicolás Romero,35234763,Rosario,Préstamo Nómina,Estudio A,497821.87,293521.12,4441.98,297963.1,14.93,36,2024-01-10,2026-12-25,37,31-60 días,Mora Temprana,429,0.0,
CR-00251,Agustín Rodríguez,22388396,GBA Norte,Préstamo Personal,Estudio A,197617.06,71175.89,2280.74,73456.62,22.07,24,2023-05-27,2025-05-16,53,31-60 días,Mora Temprana,376,5748.18,2025-01-21
CR-00252,Pablo Ruiz,43064810,GBA Norte,Refinanciación,Estudio C,147469.79,65156.01,0.0,65156.01,21.0,24,2023-11-06,2025-10-26,0,Al día,Vigente,429,6858.96,2025-01-14
CR-00253,Lucía Romero,27832403,Rosario,Préstamo Nómina,Estudio C,54062.55,47214.79,0.0,47214.79,17.75,12,2025-01-19,2026-01-14,0,Al día,Vigente,717,3581.19,2025-01-17
CR-00254,Ana Díaz,28876980,GBA Norte,Préstamo Personal,Estudio B,147495.46,132355.42,0.0,132355.42,24.25,18,2024-12-21,2026-06-14,0,Al día,Vigente,738,0.0,
CR-00255,Nicolás Romero,40973466,CABA,Préstamo Personal,Estudio D,147719.5,115706.31,0.0,115706.31,11.41,18,2024-09-30,2026-03-24,0,Al día,Vigente,677,0.0,
CR-00256,Laura Morales,39790054,GBA Oeste,Préstamo Nómina,Estudio D,152593.98,77698.01,314.76,78012.76,9.86,24,2023-10-17,2025-10-06,15,1-30 días,Mora Temprana,599,0.0,
CR-00257,Lucía Fernández,42185621,Mendoza,Préstamo Nómina,Estudio C,199497.4,148366.43,2288.23,150654.66,22.52,36,2024-02-18,2027-02-02,25,1-30 días,Mora Temprana,393,15632.14,2025-01-19
CR-00258,Florencia López,26637711,Córdoba,Préstamo Personal,Estudio B,202767.11,82616.48,0.0,82616.48,15.47,6,2024-10-23,2025-04-21,0,Al día,Vigente,470,0.0,
CR-00259,Laura Fernández,34265296,GBA Oeste,Préstamo Nómina,Estudio D,195653.66,169416.9,3846.66,173263.56,22.4,24,2025-01-29,2027-01-19,37,31-60 días,Mora Temprana,414,0.0,
CR-00260,Florencia Fernández,23851253,CABA,Préstamo Nómina,Estudio C,299875.71,95288.11,0.0,95288.11,23.18,6,2024-10-22,2025-04-20,0,Al día,Vigente,665,0.0,
CR-00261,Agustín Romero,38272481,GBA Oeste,Préstamo Personal,Estudio A,295336.14,59067.23,0.0,59067.23,9.06,18,2023-07-31,2025-01-21,0,Al día,Vigente,420,0.0,
CR-00262,María Rodríguez,27543353,Tucumán,Préstamo Personal,Estudio D,295626.53,59125.31,0.0,59125.31,23.02,12,2023-09-26,2024-09-20,0,Al día,Vigente,472,0.0,
CR-00263,Laura Torres,41731015,CABA,Préstamo Personal,Estudio B,754064.37,301508.55,0.0,301508.55,15.62,12,2024-07-20,2025-07-15,0,Al día,Vigente,552,0.0,
CR-00264,Luis Flores,24999254,GBA Sur,Préstamo Nómina,Estudio B,46392.45,46392.45,741.91,47134.36,16.68,12,2025-02-15,2026-02-10,35,31-60 días,Mora Temprana,329,0.0,
CR-00265,Diego Martínez,28913146,Rosario,Préstamo Personal,Estudio B,100324.21,20064.84,0.0,20064.84,18.65,18,2023-04-23,2024-10-14,0,Al día,Vigente,587,0.0,
CR-00266,Lucía Díaz,24772657,Córdoba,Préstamo Personal,Estudio A,49110.96,9822.19,0.0,9822.19,23.75,12,2024-01-22,2025-01-16,0,Al día,Vigente,563,3379.05,2025-02-02
CR-00267,Nicolás Rodríguez,22396116,Córdoba,Préstamo Nómina,Estudio D,198473.43,99844.34,0.0,99844.34,8.32,24,2023-10-15,2025-10-04,0,Al día,Vigente,757,12815.41,2025-02-07
CR-00268,Valentina Sánchez,22001120,Córdoba,Préstamo Nómina,Estudio D,503998.33,100799.67,2935.67,103735.34,16.11,18,2023-09-11,2025-03-04,66,61-90 días,Mora Temprana,457,0.0,
CR-00269,Laura Morales,25567444,GBA Norte,Préstamo Personal,Estudio A,95218.23,30035.73,1101.86,31137.6,19.69,6,2024-10-27,2025-04-25,68,61-90 días,Mora Temprana,385,3254.58,2025-02-08
CR-00270,Florencia Jiménez,30321739,GBA Norte,Préstamo Nómina,Estudio D,501637.9,370267.6,0.0,370267.6,20.29,24,2024-07-23,2026-07-13,0,Al día,Vigente,523,0.0,
CR-00271,Ana Fernández,39966364,Rosario,Préstamo Personal,Estudio A,54633.94,10926.79,0.0,10926.79,19.77,12,2023-06-23,2024-06-17,0,Al día,Vigente,415,2981.35,2025-01-23
CR-00272,Lucía González,39099419,Rosario,Préstamo Nómina,Estudio A,750601.68,248320.85,0.0,248320.85,10.29,18,2024-01-11,2025-07-04,0,Al día,Vigente,585,0.0,
CR-00273,Nicolás Rodríguez,29684164,Rosario,Préstamo Personal,Estudio A,154368.22,149691.37,14762.74,164454.11,13.09,24,2025-01-13,2027-01-03,275,+180 días,Incobrable,301,0.0,
CR-00274,Ana García,34735544,Mendoza,Préstamo Personal,Estudio B,95522.58,19104.52,0.0,19104.52,14.1,12,2024-03-17,2025-03-12,0,Al día,Vigente,489,2232.82,2025-01-23
CR-00275,Diego Ruiz,24172616,GBA Sur,Préstamo Nómina,Estudio D,149187.93,29837.59,1151.73,30989.32,21.68,6,2024-06-07,2024-12-04,65,61-90 días,Mora Temprana,440,0.0,
CR-00276,María Díaz,35726894,GBA Sur,Préstamo Personal,Estudio A,97601.58,56064.44,1311.0,57375.44,12.74,12,2024-10-31,2025-10-26,67,61-90 días,Mora Temprana,665,7765.79,2025-01-24
CR-00277,Laura López,43108198,Córdoba,Préstamo Personal,Estudio D,102308.21,84934.96,9971.91,94906.87,11.58,36,2024-09-01,2027-08-17,370,+180 días,Incobrable,458,0.0,
CR-00278,Agustín Sánchez,30203607,GBA Oeste,Préstamo Nómina,Estudio B,154812.97,30962.59,2533.01,33495.61,24.28,18,2023-10-08,2025-03-31,123,91-180 días,Mora Avanzada,319,11660.4,2025-01-13
CR-00279,Valentina Flores,43479166,Córdoba,Préstamo Nómina,Estudio A,297565.3,195409.57,741.81,196151.38,8.15,24,2024-07-10,2026-06-30,17,1-30 días,Mora Temprana,549,0.0,
CR-00280,Sofía Romero,33505944,Córdoba,Préstamo Nómina,Estudio C,201541.75,40308.35,3666.48,43974.83,24.96,18,2023-06-12,2024-12-03,133,91-180 días,Mora Avanzada,627,15646.51,2025-02-22
CR-00281,Ana Fernández,29135066,Rosario,Préstamo Nómina,Estudio B,146980.98,29396.2,0.0,29396.2,19.51,12,2023-12-25,2024-12-19,0,Al día,Vigente,539,0.0,
CR-00282,Carlos Morales,36793059,GBA Norte,Préstamo Personal,Estudio C,200653.3,56512.5,0.0,56512.5,22.08,18,2023-10-19,2025-04-11,0,Al día,Vigente,488,0.0,
CR-00283,Agustín Morales,38118774,GBA Norte,Préstamo Personal,Estudio D,299639.32,298456.94,0.0,298456.94,13.01,24,2025-01-23,2027-01-13,0,Al día,Vigente,479,0.0,
CR-00284,María Romero,36569018,CABA,Préstamo Personal,Estudio D,104720.05,71308.14,0.0,71308.14,8.24,12,2024-12-15,2025-12-10,0,Al día,Vigente,596,0.0,
CR-00285,Ana Jiménez,34688750,GBA Oeste,Préstamo Personal,Estudio B,151085.27,33706.76,3604.61,37311.36,20.54,12,2024-05-19,2025-05-14,190,+180 días,Incobrable,446,0.0,
CR-00286,Diego Torres,22699180,CABA,Refinanciación,Estudio D,98495.06,19699.01,0.0,19699.01,22.18,12,2023-07-11,2024-07-05,0,Al día,Vigente,530,2727.44,2025-01-03
CR-00287,Valentina López,40066780,GBA Sur,Préstamo Personal,Estudio C,96140.96,63175.36,0.0,63175.36,20.59,18,2024-06-12,2025-12-04,0,Al día,Vigente,692,0.0,
CR-00288,Sofía López,21337505,GBA Sur,Préstamo Personal,Estudio A,196512.47,194751.17,1669.28,196420.45,10.43,48,2025-01-22,2029-01-01,30,1-30 días,Mora Temprana,384,0.0,
CR-00289,Ana Rodríguez,34496476,GBA Norte,Préstamo Personal,Estudio A,97253.17,19450.63,1153.22,20603.85,20.81,6,2024-06-16,2024-12-13,104,91-180 días,Mora Avanzada,573,0.0,
CR-00290,Diego Morales,44646868,GBA Oeste,Refinanciación,Estudio A,197509.67,106914.67,2468.9,109383.57,21.07,18,2024-05-17,2025-11-08,40,31-60 días,Mora Temprana,311,0.0,
CR-00291,Florencia Ruiz,30815317,CABA,Préstamo Personal,Estudio B,303506.16,89527.28,1647.87,91175.15,19.2,12,2024-06-16,2025-06-11,35,31-60 días,Mora Temprana,614,0.0,
CR-00292,Nicolás García,40257268,CABA,Préstamo Personal,Estudio D,100612.23,54555.69,0.0,54555.69,21.02,48,2023-07-30,2027-07-09,0,Al día,Vigente,433,0.0,
CR-00293,Florencia Pérez,28400952,Rosario,Préstamo Personal,Estudio C,200233.91,61119.28,0.0,61119.28,22.38,12,2024-04-18,2025-04-13,0,Al día,Vigente,732,4167.08,2025-03-15
CR-00294,Luis Díaz,20867881,GBA Norte,Préstamo Nómina,Estudio D,96147.69,19229.54,0.0,19229.54,18.43,18,2023-06-07,2024-11-28,0,Al día,Vigente,358,0.0,
CR-00295,Luis Díaz,23064421,CABA,Préstamo Personal,Estudio D,753601.4,198370.9,0.0,198370.9,9.51,24,2023-05-22,2025-05-11,0,Al día,Vigente,646,0.0,
CR-00296,Carlos Pérez,27681428,GBA Sur,Préstamo Nómina,Estudio D,152228.14,72431.78,0.0,72431.78,16.29,24,2023-11-02,2025-10-22,0,Al día,Vigente,763,3738.66,2025-03-17
CR-00297,Camila Romero,42625698,Córdoba,Refinanciación,Estudio A,295676.68,130933.75,0.0,130933.75,9.32,18,2024-01-30,2025-07-23,0,Al día,Vigente,425,0.0,
CR-00298,Florencia Jiménez,39300479,CABA,Préstamo Personal,Estudio C,202078.35,40415.67,578.54,40994.21,14.93,12,2023-08-05,2024-07-30,35,31-60 días,Mora Temprana,450,0.0,
CR-00299,Sofía Torres,39700576,GBA Oeste,Préstamo Nómina,Estudio C,50435.38,24566.64,582.47,25149.11,14.92,12,2024-09-22,2025-09-17,58,31-60 días,Mora Temprana,438,0.0,
CR-00300,Agustín López,20696101,CABA,Refinanciación,Estudio D,195817.25,39163.45,0.0,39163.45,9.12,12,2023-11-17,2024-11-11,0,Al día,Vigente,507,0.0,
CR-00301,Florencia Morales,42558026,CABA,Préstamo Nómina,Estudio A,749583.01,149916.6,0.0,149916.6,13.93,12,2023-09-22,2024-09-16,0,Al día,Vigente,657,25524.76,2025-03-13
CR-00302,Luis Jiménez,29043289,GBA Sur,Préstamo Personal,Estudio A,199846.96,156755.63,0.0,156755.63,9.89,18,2025-01-11,2026-07-05,0,Al día,Vigente,494,7230.08,2025-02-08
CR-00303,María Ruiz,39335640,GBA Sur,Préstamo Personal,Estudio C,296657.75,59331.55,0.0,59331.55,21.74,12,2023-09-12,2024-09-06,0,Al día,Vigente,411,0.0,
CR-00304,Camila López,21349950,GBA Oeste,Préstamo Nómina,Estudio A,504456.98,100891.4,4331.96,105223.36,24.11,12,2023-10-10,2024-10-04,65,61-90 días,Mora Temprana,300,0.0,
CR-00305,Florencia González,25878425,Córdoba,Préstamo Personal,Estudio A,103499.75,29309.9,0.0,29309.9,9.23,24,2023-07-08,2025-06-27,0,Al día,Vigente,820,3278.14,2025-02-03
CR-00306,Ana López,35787387,Tucumán,Préstamo Nómina,Estudio A,101690.22,67677.5,0.0,67677.5,24.24,48,2023-07-12,2027-06-21,0,Al día,Vigente,832,6498.08,2025-02-01
CR-00307,Agustín Morales,37413536,GBA Sur,Refinanciación,Estudio B,199622.96,39924.59,0.0,39924.59,16.88,18,2023-04-22,2024-10-13,0,Al día,Vigente,664,0.0,
CR-00308,Diego Ruiz,41861030,GBA Norte,Refinanciación,Estudio D,149117.66,29823.53,267.44,30090.97,13.09,6,2024-06-20,2024-12-17,25,1-30 días,Mora Temprana,458,10637.85,2025-02-11
CR-00309,Florencia González,34838756,Córdoba,Préstamo Personal,Estudio C,301509.73,60301.95,2844.49,63146.43,9.31,6,2024-09-28,2025-03-27,185,+180 días,Incobrable,692,15340.87,2025-01-02
CR-00310,Camila Díaz,29333385,GBA Norte,Préstamo Personal,Estudio C,500454.32,482350.28,0.0,482350.28,16.51,48,2024-11-16,2028-10-26,0,Al día,Vigente,722,13182.99,2025-01-27
CR-00311,Nicolás Flores,26089765,GBA Sur,Refinanciación,Estudio B,145622.73,29124.55,0.0,29124.55,21.51,12,2023-09-06,2024-08-31,0,Al día,Vigente,541,8976.82,2025-02-04
CR-00312,Camila Martínez,39640403,CABA,Préstamo Nómina,Estudio D,100125.03,83736.06,1377.89,85113.95,20.02,6,2025-01-28,2025-07-27,30,1-30 días,Mora Temprana,586,5121.37,2025-03-01
CR-00313,Laura López,34625873,CABA,Préstamo Personal,Estudio C,303064.04,60612.81,602.82,61215.63,8.85,18,2023-04-17,2024-10-08,41,31-60 días,Mora Temprana,764,0.0,
CR-00314,Camila Flores,41299840,Tucumán,Refinanciación,Estudio A,99592.4,19918.48,357.98,20276.46,9.24,18,2023-05-08,2024-10-29,71,61-90 días,Mora Temprana,333,0.0,
CR-00315,Carlos González,36499579,Rosario,Préstamo Nómina,Estudio C,295519.57,139466.49,0.0,139466.49,14.85,18,2024-01-30,2025-07-23,0,Al día,Vigente,729,11200.27,2025-03-01
CR-00316,Nicolás García,23061587,Córdoba,Préstamo Personal,Estudio A,152862.78,135069.76,0.0,135069.76,13.02,12,2025-01-08,2026-01-03,0,Al día,Vigente,533,5469.67,2025-02-10
CR-00317,Nicolás Sánchez,35770931,GBA Sur,Préstamo Personal,Estudio B,197013.64,39402.73,0.0,39402.73,11.95,6,2024-03-14,2024-09-10,0,Al día,Vigente,413,0.0,
CR-00318,Luis Martínez,31675635,CABA,Préstamo Personal,Estudio A,47586.21,40008.25,966.36,40974.6,12.78,48,2024-12-27,2028-12-06,69,61-90 días,Mora Temprana,425,1987.49,2025-02-23
CR-00319,Nicolás Morales,33701888,CABA,Préstamo Personal,Estudio C,196647.06,82636.75,0.0,82636.75,21.66,12,2024-06-21,2025-06-16,0,Al día,Vigente,450,0.0,
CR-00320,Martín Pérez,31183973,GBA Norte,Préstamo Personal,Estudio C,148302.15,61605.47,0.0,61605.47,23.8,24,2023-08-31,2025-08-20,0,Al día,Vigente,398,0.0,
CR-00321,Laura Jiménez,30772927,GBA Sur,Préstamo Nómina,Estudio C,202567.52,167803.15,0.0,167803.15,14.89,24,2024-09-09,2026-08-30,0,Al día,Vigente,845,12363.22,2025-01-18
CR-00322,Camila Jiménez,42485949,Córdoba,Préstamo Personal,Estudio B,100193.86,20038.77,0.0,20038.77,23.4,18,2023-05-24,2024-11-14,0,Al día,Vigente,653,5020.76,2025-02-12
CR-00323,Luis Martínez,23509789,Córdoba,Préstamo Personal,Estudio B,297048.81,59409.76,6158.73,65568.5,13.47,12,2023-12-04,2024-11-28,281,+180 días,Incobrable,739,19806.23,2025-02-23
CR-00324,Ana Díaz,25396386,GBA Norte,Préstamo Personal,Estudio D,503778.3,100755.66,0.0,100755.66,16.1,12,2023-09-11,2024-09-05,0,Al día,Vigente,664,0.0,
CR-00325,Luis González,31066374,Tucumán,Préstamo Personal,Estudio C,103795.82,27891.23,0.0,27891.23,11.84,18,2023-10-07,2025-03-30,0,Al día,Vigente,589,0.0,
CR-00326,Diego Rodríguez,33812517,Córdoba,Refinanciación,Estudio A,53705.78,34607.16,0.0,34607.16,18.89,36,2023-11-10,2026-10-25,0,Al día,Vigente,591,3068.54,2025-03-20
CR-00327,Nicolás Fernández,43275826,GBA Oeste,Préstamo Personal,Estudio B,47387.96,30744.66,0.0,30744.66,24.64,36,2023-07-06,2026-06-20,0,Al día,Vigente,520,0.0,
CR-00328,Camila Rodríguez,36625181,GBA Oeste,Préstamo Personal,Estudio C,199512.39,39902.48,1197.69,41100.17,18.26,12,2023-12-21,2024-12-15,60,31-60 días,Mora Temprana,532,14702.5,2025-01-19
CR-00329,Diego Díaz,29670984,GBA Sur,Préstamo Nómina,Estudio C,204849.9,97888.66,679.83,98568.5,14.08,12,2024-09-01,2025-08-27,18,1-30 días,Mora Temprana,368,0.0,
CR-00330,Valentina González,42232614,CABA,Préstamo Personal,Estudio B,202720.12,83678.52,0.0,83678.52,19.01,36,2023-06-21,2026-06-05,0,Al día,Vigente,742,8294.53,2025-03-05
CR-00331,Lucía Jiménez,33436947,GBA Norte,Préstamo Personal,Estudio D,95271.67,31457.76,443.49,31901.25,10.09,24,2023-10-05,2025-09-24,51,31-60 días,Mora Temprana,308,0.0,
CR-00332,Valentina Pérez,38458179,Córdoba,Préstamo Personal,Estudio B,145652.05,97248.0,0.0,97248.0,23.11,36,2023-11-07,2026-10-22,0,Al día,Vigente,421,0.0,
CR-00333,Ana Fernández,21231351,CABA,Préstamo Personal,Estudio B,199639.31,39927.86,0.0,39927.86,16.55,12,2023-11-29,2024-11-23,0,Al día,Vigente,881,6186.86,2025-02-11
CR-00334,Florencia Rodríguez,35261425,CABA,Préstamo Personal,Estudio A,154092.2,88339.34,0.0,88339.34,15.64,18,2024-07-17,2026-01-08,0,Al día,Vigente,600,0.0,
CR-00335,María Torres,22954796,CABA,Préstamo Personal,Estudio A,1000387.02,479465.09,0.0,479465.09,17.96,24,2023-11-18,2025-11-07,0,Al día,Vigente,606,0.0,
CR-00336,Laura García,30553444,CABA,Préstamo Personal,Estudio D,99978.13,88391.5,0.0,88391.5,18.62,24,2024-12-30,2026-12-20,0,Al día,Vigente,675,6432.16,2025-02-12
CR-00337,Carlos Torres,28469100,Rosario,Refinanciación,Estudio C,196054.74,86550.55,0.0,86550.55,9.22,18,2023-12-29,2025-06-21,0,Al día,Vigente,348,13480.09,2025-03-07
CR-00338,Sofía Pérez,30847268,Córdoba,Préstamo Personal,Estudio B,151567.8,30313.56,0.0,30313.56,19.6,6,2023-11-02,2024-04-30,0,Al día,Vigente,370,4200.67,2025-01-06
CR-00339,Agustín Ruiz,23889683,GBA Sur,Préstamo Personal,Estudio D,153221.03,126043.11,0.0,126043.11,12.11,18,2024-12-06,2026-05-30,0,Al día,Vigente,513,0.0,
CR-00340,Diego González,33561864,CABA,Préstamo Nómina,Estudio A,298804.2,59760.84,0.0,59760.84,20.14,12,2024-04-09,2025-04-04,0,Al día,Vigente,444,0.0,
CR-00341,Pablo Romero,37266984,GBA Sur,Préstamo Personal,Estudio B,202756.12,56851.2,0.0,56851.2,21.98,18,2024-01-10,2025-07-03,0,Al día,Vigente,568,0.0,
CR-00342,Carlos González,20038623,GBA Sur,Préstamo Nómina,Estudio C,1004644.77,903058.98,18226.65,921285.63,21.67,48,2024-04-23,2028-04-02,34,31-60 días,Mora Temprana,652,0.0,
CR-00343,Florencia Torres,42067420,CABA,Préstamo Personal,Estudio A,97037.66,19407.53,0.0,19407.53,17.39,12,2024-02-12,2025-02-06,0,Al día,Vigente,788,0.0,
CR-00344,Luis Rodríguez,38206419,GBA Sur,Refinanciación,Estudio A,100233.3,97560.33,0.0,97560.33,16.84,24,2024-12-30,2026-12-20,0,Al día,Vigente,701,0.0,
CR-00345,Ana Flores,35501353,GBA Norte,Préstamo Personal,Estudio A,297871.38,59574.28,1651.11,61225.39,10.43,12,2024-01-02,2024-12-27,97,91-180 días,Mora Avanzada,430,0.0,
CR-00346,Sofía García,33866287,GBA Oeste,Préstamo Personal,Estudio D,202928.54,59149.82,686.49,59836.31,21.18,24,2023-06-12,2025-06-01,20,1-30 días,Mora Temprana,523,0.0,
CR-00347,Valentina Morales,21818787,GBA Oeste,Préstamo Personal,Estudio C,100775.93,88147.51,0.0,88147.51,12.61,48,2024-03-24,2028-03-03,0,Al día,Vigente,482,0.0,
CR-00348,Camila Romero,26294225,CABA,Refinanciación,Estudio B,51345.82,28873.19,832.5,29705.69,16.44,12,2024-08-15,2025-08-10,64,61-90 días,Mora Temprana,427,2554.02,2025-03-27
CR-00349,Lucía Flores,37395939,GBA Norte,Préstamo Personal,Estudio D,52979.14,10595.83,193.71,10789.54,12.83,6,2024-09-13,2025-03-12,52,31-60 días,Mora Temprana,393,0.0,
CR-00350,Agustín Flores,32139300,GBA Oeste,Préstamo Personal,Estudio D,498959.7,99791.94,0.0,99791.94,10.28,18,2023-07-16,2025-01-06,0,Al día,Vigente,829,12110.16,2025-03-02
CR-00351,Lucía Martínez,40892125,GBA Sur,Préstamo Personal,Estudio D,104150.9,20830.18,0.0,20830.18,18.7,6,2023-06-19,2023-12-16,0,Al día,Vigente,581,0.0,
CR-00352,Diego González,36726652,Rosario,Préstamo Nómina,Estudio A,150330.29,105494.8,412.67,105907.46,8.92,24,2024-04-07,2026-03-28,16,1-30 días,Mora Temprana,546,6919.21,2025-01-19
CR-00353,Carlos Díaz,40985235,Córdoba,Préstamo Personal,Estudio C,96579.55,92887.15,0.0,92887.15,20.73,36,2024-10-30,2027-10-15,0,Al día,Vigente,652,3993.33,2025-02-03
CR-00354,Florencia Pérez,34832433,CABA,Préstamo Nómina,Estudio D,151958.99,68169.8,0.0,68169.8,13.4,18,2024-01-10,2025-07-03,0,Al día,Vigente,660,0.0,
CR-00355,Pablo Pérez,21731803,CABA,Préstamo Personal,Estudio B,52932.61,10586.52,0.0,10586.52,8.0,12,2023-05-29,2024-05-23,0,Al día,Vigente,747,0.0,
CR-00356,Lucía Jiménez,26830281,GBA Oeste,Préstamo Personal,Estudio C,198167.62,101712.27,2743.9,104456.16,16.69,18,2024-04-01,2025-09-23,59,31-60 días,Mora Temprana,468,0.0,
CR-00357,Carlos Flores,28960920,CABA,Préstamo Personal,Estudio B,53571.79,47058.35,0.0,47058.35,8.8,24,2024-10-24,2026-10-14,0,Al día,Vigente,640,0.0,
CR-00358,Florencia Rodríguez,38428753,GBA Oeste,Préstamo Personal,Estudio C,304061.43,60812.29,0.0,60812.29,12.69,6,2024-08-06,2025-02-02,0,Al día,Vigente,443,0.0,
CR-00359,Valentina Rodríguez,24396074,Mendoza,Préstamo Personal,Estudio B,97769.04,19553.81,0.0,19553.81,20.02,18,2023-07-02,2024-12-23,0,Al día,Vigente,551,0.0,
CR-00360,Lucía González,29664654,GBA Oeste,Préstamo Personal,Estudio A,204835.21,161427.54,0.0,161427.54,9.07,18,2025-01-06,2026-06-30,0,Al día,Vigente,588,5524.58,2025-01-12
CR-00361,Diego González,34700736,GBA Norte,Préstamo Nómina,Estudio D,496407.12,364787.83,0.0,364787.83,22.27,18,2024-11-13,2026-05-07,0,Al día,Vigente,603,0.0,
CR-00362,Agustín Rodríguez,43429383,GBA Oeste,Préstamo Personal,Estudio B,197020.16,39404.03,574.64,39978.67,8.06,12,2024-01-30,2025-01-24,66,61-90 días,Mora Temprana,596,0.0,
CR-00363,Valentina López,36264229,GBA Sur,Préstamo Personal,Estudio C,196842.25,91503.54,0.0,91503.54,12.2,24,2023-12-01,2025-11-20,0,Al día,Vigente,700,6157.41,2025-01-20
CR-00364,Luis González,24074383,GBA Sur,Préstamo Personal,Estudio D,153939.9,30787.98,260.58,31048.56,20.6,6,2023-06-04,2023-12-01,15,1-30 días,Mora Temprana,490,0.0,
CR-00365,Lucía González,20968697,Mendoza,Préstamo Personal,Estudio D,151542.93,30308.59,0.0,30308.59,13.38,12,2024-04-03,2025-03-29,0,Al día,Vigente,607,0.0,
CR-00366,Lucía Flores,41140039,GBA Norte,Préstamo Personal,Estudio C,196521.04,120960.13,0.0,120960.13,9.73,36,2023-07-28,2026-07-12,0,Al día,Vigente,466,0.0,
CR-00367,Florencia López,40430342,Tucumán,Préstamo Personal,Estudio B,999403.23,481873.28,0.0,481873.28,14.12,24,2023-10-18,2025-10-07,0,Al día,Vigente,950,51598.09,2025-02-14
CR-00368,Pablo Torres,28029490,Mendoza,Préstamo Personal,Estudio A,201152.98,40230.6,916.36,41146.95,12.6,6,2023-07-11,2024-01-07,66,61-90 días,Mora Temprana,443,0.0,
CR-00369,Laura González,43816359,CABA,Préstamo Nómina,Estudio A,195834.64,109943.01,19031.55,128974.56,22.33,12,2024-10-28,2025-10-23,283,+180 días,Incobrable,474,4564.24,2025-03-04
CR-00370,Valentina Jiménez,25314289,CABA,Refinanciación,Estudio B,303824.16,60764.83,155.31,60920.14,13.33,12,2023-06-08,2024-06-02,7,1-30 días,Mora Temprana,712,0.0,
CR-00371,Ana Rodríguez,30427044,CABA,Préstamo Personal,Estudio D,153036.04,120299.32,0.0,120299.32,21.41,12,2025-01-18,2026-01-13,0,Al día,Vigente,515,0.0,
CR-00372,Laura Martínez,38483090,CABA,Préstamo Personal,Estudio D,50052.07,10010.41,0.0,10010.41,23.16,12,2023-05-18,2024-05-12,0,Al día,Vigente,712,0.0,
CR-00373,Sofía Ruiz,20458838,CABA,Préstamo Nómina,Estudio D,204671.27,44557.71,0.0,44557.71,15.37,6,2024-09-30,2025-03-29,0,Al día,Vigente,602,0.0,
CR-00374,Pablo Torres,38530482,Córdoba,Préstamo Personal,Estudio D,749177.61,149835.52,4720.77,154556.3,23.47,18,2023-05-28,2024-11-18,49,31-60 días,Mora Temprana,519,34386.96,2025-02-27
CR-00375,Lucía Pérez,33689895,CABA,Préstamo Personal,Estudio B,104841.1,78048.41,0.0,78048.41,14.41,24,2024-06-02,2026-05-23,0,Al día,Vigente,467,7239.69,2025-01-30
CR-00376,Martín Sánchez,23127581,GBA Norte,Préstamo Personal,Estudio D,201679.2,160736.3,0.0,160736.3,24.39,18,2025-01-05,2026-06-29,0,Al día,Vigente,461,0.0,
CR-00377,Martín Díaz,27539702,Rosario,Préstamo Nómina,Estudio C,101346.71,20269.34,0.0,20269.34,9.52,24,2023-04-22,2025-04-11,0,Al día,Vigente,521,5191.73,2025-02-19
CR-00378,Luis Romero,23807123,CABA,Préstamo Nómina,Estudio D,196659.55,39331.91,763.42,40095.33,19.68,6,2023-05-15,2023-11-11,36,31-60 días,Mora Temprana,553,0.0,
CR-00379,Martín Ruiz,35483621,Rosario,Préstamo Personal,Estudio A,53819.28,31369.71,0.0,31369.71,16.39,48,2023-07-19,2027-06-28,0,Al día,Vigente,455,0.0,
CR-00380,Florencia Ruiz,23941509,GBA Norte,Préstamo Personal,Estudio D,149274.9,53034.34,763.17,53797.51,14.59,24,2023-07-04,2025-06-23,36,31-60 días,Mora Temprana,563,0.0,
CR-00381,Agustín López,41733530,CABA,Préstamo Personal,Estudio B,296622.33,195169.89,4412.81,199582.7,18.76,24,2024-09-06,2026-08-27,44,31-60 días,Mora Temprana,415,22160.45,2025-03-13
CR-00382,Lucía Fernández,25166413,Córdoba,Préstamo Nómina,Estudio A,145126.08,70228.02,0.0,70228.02,19.97,24,2023-11-18,2025-11-07,0,Al día,Vigente,693,0.0,
CR-00383,Laura Romero,36722706,GBA Oeste,Préstamo Personal,Estudio B,200597.56,151519.69,6033.19,157552.88,8.07,36,2024-03-12,2027-02-25,180,91-180 días,Mora Avanzada,722,0.0,
CR-00384,Lucía Díaz,44045217,Rosario,Préstamo Personal,Estudio B,300274.0,66936.76,0.0,66936.76,10.84,18,2023-09-22,2025-03-15,0,Al día,Vigente,474,19582.85,2025-02-04
CR-00385,Pablo Pérez,29793248,Córdoba,Préstamo Nómina,Estudio A,502193.54,170535.95,18144.58,188680.53,20.12,12,2024-04-26,2025-04-21,193,+180 días,Incobrable,465,38838.83,2025-01-13
CR-00386,Carlos Jiménez,37074911,Rosario,Préstamo Personal,Estudio B,103902.58,60493.74,0.0,60493.74,19.33,18,2024-04-19,2025-10-11,0,Al día,Vigente,606,6891.38,2025-02-23
CR-00387,Camila Martínez,43669686,GBA Norte,Préstamo Nómina,Estudio B,145794.07,100113.43,0.0,100113.43,24.42,24,2024-07-23,2026-07-13,0,Al día,Vigente,769,0.0,
CR-00388,Lucía Rodríguez,29174617,CABA,Préstamo Personal,Estudio D,102314.96,84122.74,0.0,84122.74,20.94,24,2025-01-10,2026-12-31,0,Al día,Vigente,802,6715.59,2025-01-28
CR-00389,Luis Ruiz,33941542,Córdoba,Préstamo Personal,Estudio C,996874.12,199374.82,9107.09,208481.92,24.16,18,2023-05-10,2024-10-31,69,61-90 días,Mora Temprana,369,0.0,
CR-00390,Luis López,36189999,Rosario,Préstamo Personal,Estudio B,503581.77,100716.35,3687.03,104403.38,19.94,6,2024-04-18,2024-10-15,67,61-90 días,Mora Temprana,730,0.0,
CR-00391,Ana García,35845066,Tucumán,Préstamo Nómina,Estudio B,203190.64,40638.13,363.71,41001.84,13.07,12,2023-04-20,2024-04-14,25,1-30 días,Mora Temprana,570,0.0,
CR-00392,Luis Sánchez,28178252,GBA Sur,Préstamo Nómina,Estudio B,300407.94,235606.24,3349.7,238955.94,9.79,36,2024-02-05,2027-01-20,53,31-60 días,Mora Temprana,573,22097.01,2025-02-10
CR-00393,Pablo Jiménez,35327210,GBA Norte,Préstamo Nómina,Estudio D,202102.43,40420.49,0.0,40420.49,21.29,18,2023-07-14,2025-01-04,0,Al día,Vigente,655,0.0,
CR-00394,Camila Fernández,38497386,Córdoba,Préstamo Personal,Estudio C,198143.5,39628.7,0.0,39628.7,18.95,18,2023-10-16,2025-04-08,0,Al día,Vigente,507,12011.18,2025-01-05
CR-00395,Martín González,24853379,GBA Norte,Préstamo Nómina,Estudio A,49711.68,19686.22,209.29,19895.51,8.82,12,2024-07-05,2025-06-30,44,31-60 días,Mora Temprana,744,2477.35,2025-03-26
CR-00396,Florencia Díaz,32871010,Mendoza,Préstamo Personal,Estudio D,303216.37,60643.27,0.0,60643.27,14.12,12,2023-10-18,2024-10-12,0,Al día,Vigente,793,0.0,
CR-00397,Pablo Martínez,26395822,Rosario,Préstamo Personal,Estudio D,99592.65,93372.15,0.0,93372.15,24.27,36,2024-08-07,2027-07-23,0,Al día,Vigente,799,0.0,
CR-00398,Agustín Flores,40111774,GBA Sur,Préstamo Nómina,Estudio C,298577.98,112534.91,610.72,113145.62,16.51,24,2023-12-31,2025-12-20,12,1-30 días,Mora Temprana,303,0.0,
CR-00399,Sofía Sánchez,37053734,Córdoba,Préstamo Personal,Estudio C,299942.12,234793.16,0.0,234793.16,15.36,24,2024-06-06,2026-05-27,0,Al día,Vigente,545,23288.37,2025-03-29
CR-00400,Sofía Martínez,24580459,Córdoba,Préstamo Personal,Estudio D,303282.49,60656.5,708.08,61364.57,15.78,18,2023-08-15,2025-02-05,27,1-30 días,Mora Temprana,300,0.0,
CR-00401,María Díaz,22342437,CABA,Préstamo Personal,Estudio A,48352.08,13699.88,1586.81,15286.69,11.55,18,2023-12-03,2025-05-26,366,+180 días,Incobrable,465,0.0,
CR-00402,Agustín García,29269324,Mendoza,Préstamo Personal,Estudio D,146737.62,40869.28,0.0,40869.28,14.27,12,2024-03-29,2025-03-24,0,Al día,Vigente,300,0.0,
CR-00403,Florencia Ruiz,33923157,GBA Sur,Préstamo Personal,Estudio C,102120.14,41129.76,0.0,41129.76,14.29,24,2023-07-30,2025-07-19,0,Al día,Vigente,647,0.0,
CR-00404,Nicolás Ruiz,31404320,Rosario,Préstamo Personal,Estudio A,153259.78,96271.57,0.0,96271.57,8.89,18,2024-06-28,2025-12-20,0,Al día,Vigente,612,0.0,
CR-00405,Florencia Fernández,37036849,GBA Norte,Préstamo Personal,Estudio C,46006.37,17353.5,0.0,17353.5,21.05,18,2024-03-17,2025-09-08,0,Al día,Vigente,515,0.0,
CR-00406,Camila González,28964826,Rosario,Préstamo Nómina,Estudio A,747398.74,149479.75,494.08,149973.83,15.08,18,2023-09-01,2025-02-22,8,1-30 días,Mora Temprana,461,0.0,
CR-00407,Luis López,20086075,GBA Norte,Préstamo Nómina,Estudio B,196419.72,94473.49,20478.08,114951.57,21.98,36,2023-06-13,2026-05-28,360,+180 días,Incobrable,627,0.0,
CR-00408,Camila Flores,29490501,CABA,Préstamo Personal,Estudio C,148479.41,29695.88,0.0,29695.88,22.46,6,2023-12-12,2024-06-09,0,Al día,Vigente,428,0.0,
CR-00409,Valentina Sánchez,44362228,Mendoza,Préstamo Personal,Estudio C,149503.51,101514.68,0.0,101514.68,11.6,24,2024-08-11,2026-08-01,0,Al día,Vigente,418,0.0,
CR-00410,Ana Romero,30017871,CABA,Préstamo Personal,Estudio D,152488.26,59331.14,8602.69,67933.83,19.18,12,2024-06-21,2025-06-16,276,+180 días,Incobrable,399,0.0,
CR-00411,Luis Morales,39694361,GBA Norte,Préstamo Personal,Estudio C,201511.48,40302.3,0.0,40302.3,16.03,18,2023-07-24,2025-01-14,0,Al día,Vigente,549,7553.64,2025-03-28
CR-00412,Nicolás Fernández,39458999,Tucumán,Préstamo Personal,Estudio C,201209.29,40241.86,0.0,40241.86,22.96,6,2023-10-07,2024-04-04,0,Al día,Vigente,492,8082.5,2025-02-02
CR-00413,Martín López,42143937,Tucumán,Préstamo Nómina,Estudio B,498523.75,99704.75,4207.05,103911.8,11.67,12,2023-10-10,2024-10-04,132,91-180 días,Mora Avanzada,522,0.0,
CR-00414,Camila Sánchez,36429603,GBA Oeste,Préstamo Personal,Estudio C,153414.48,40884.35,0.0,40884.35,19.52,18,2023-11-21,2025-05-14,0,Al día,Vigente,658,0.0,
CR-00415,Lucía Romero,24986034,GBA Oeste,Préstamo Personal,Estudio B,999712.87,199942.57,5723.9,205666.47,18.33,6,2023-07-07,2024-01-03,57,31-60 días,Mora Temprana,724,0.0,
CR-00416,Valentina Torres,34983644,GBA Sur,Préstamo Personal,Estudio B,504791.05,504791.05,0.0,504791.05,13.02,18,2025-02-25,2026-08-19,0,Al día,Vigente,797,31261.72,2025-03-14
CR-00417,Diego Ruiz,38071765,GBA Norte,Préstamo Personal,Estudio B,101341.42,88715.2,3035.73,91750.93,10.32,36,2024-09-20,2027-09-05,121,91-180 días,Mora Avanzada,589,7218.75,2025-03-12
CR-00418,Florencia Sánchez,36251800,GBA Norte,Refinanciación,Estudio B,746262.65,205429.01,0.0,205429.01,19.08,12,2024-04-14,2025-04-09,0,Al día,Vigente,632,21201.27,2025-03-23
CR-00419,Pablo Jiménez,31580437,Córdoba,Préstamo Nómina,Estudio A,101761.78,74410.28,8129.87,82540.15,20.56,24,2024-05-12,2026-05-02,194,+180 días,Incobrable,608,5357.86,2025-02-13
CR-00420,Agustín Morales,31154833,Córdoba,Préstamo Personal,Estudio D,298251.04,59650.21,2140.6,61790.81,13.37,18,2023-07-24,2025-01-14,98,91-180 días,Mora Avanzada,328,6108.33,2025-02-22
CR-00421,Valentina González,38519275,Córdoba,Préstamo Nómina,Estudio A,151863.27,72170.57,0.0,72170.57,18.96,24,2024-01-05,2025-12-25,0,Al día,Vigente,524,0.0,
CR-00422,Nicolás Morales,38234487,Córdoba,Préstamo Personal,Estudio C,495696.41,252751.35,27618.23,280369.58,14.72,12,2024-08-24,2025-08-19,271,+180 días,Incobrable,525,0.0,
CR-00423,Valentina Sánchez,32657069,CABA,Préstamo Nómina,Estudio A,496748.81,479763.22,0.0,479763.22,20.12,12,2025-02-16,2026-02-11,0,Al día,Vigente,503,0.0,
CR-00424,Florencia López,35278829,GBA Sur,Préstamo Nómina,Estudio A,303557.37,173457.67,0.0,173457.67,11.39,12,2024-09-15,2025-09-10,0,Al día,Vigente,573,7547.52,2025-03-15
CR-00425,Agustín Jiménez,30797056,CABA,Préstamo Personal,Estudio C,297271.8,59454.36,2637.75,62092.11,23.13,6,2023-05-11,2023-11-07,70,61-90 días,Mora Temprana,547,18724.31,2025-01-29
CR-00426,Martín Sánchez,26330123,GBA Sur,Préstamo Personal,Estudio C,153370.41,52806.81,0.0,52806.81,12.89,12,2024-05-06,2025-05-01,0,Al día,Vigente,432,0.0,
CR-00427,Laura Ruiz,43404163,GBA Sur,Préstamo Personal,Estudio C,47792.76,9885.02,7.72,9892.74,14.25,24,2023-05-19,2025-05-08,2,1-30 días,Mora Temprana,557,0.0,
CR-00428,Luis Jiménez,28012984,Rosario,Préstamo Personal,Estudio A,151428.82,134377.05,0.0,134377.05,8.99,36,2025-01-28,2028-01-13,0,Al día,Vigente,484,10416.64,2025-02-21
CR-00429,Lucía Rodríguez,39186345,GBA Norte,Préstamo Nómina,Estudio A,101941.51,37836.6,369.29,38205.89,9.9,24,2023-11-13,2025-11-02,36,31-60 días,Mora Temprana,300,0.0,
CR-00430,Camila Ruiz,32850369,CABA,Préstamo Personal,Estudio C,200126.55,53115.03,1390.99,54506.02,16.77,24,2023-06-30,2025-06-19,57,31-60 días,Mora Temprana,370,0.0,
CR-00431,Valentina Sánchez,27837055,CABA,Préstamo Personal,Estudio D,148053.11,29610.62,1262.37,30873.0,12.55,12,2023-10-27,2024-10-21,124,91-180 días,Mora Avanzada,593,0.0,
CR-00432,Lucía Martínez,33783325,Córdoba,Préstamo Nómina,Estudio D,747126.44,370925.41,0.0,370925.41,22.2,12,2024-06-29,2025-06-24,0,Al día,Vigente,743,0.0,
CR-00433,Laura Sánchez,21464560,GBA Oeste,Refinanciación,Estudio B,195331.89,78095.52,88.26,78183.78,8.25,12,2024-06-10,2025-06-05,5,1-30 días,Mora Temprana,300,0.0,
CR-00434,Carlos Flores,30676225,CABA,Préstamo Personal,Estudio C,298039.46,59607.89,0.0,59607.89,14.44,12,2023-05-17,2024-05-11,0,Al día,Vigente,449,0.0,
CR-00435,Laura Martínez,44988158,CABA,Préstamo Personal,Estudio B,101531.63,20306.33,0.0,20306.33,13.73,18,2023-11-06,2025-04-29,0,Al día,Vigente,644,3685.85,2025-02-01
CR-00436,Laura Pérez,35870449,Córdoba,Préstamo Personal,Estudio D,504383.05,341573.44,0.0,341573.44,8.33,18,2024-06-26,2025-12-18,0,Al día,Vigente,711,0.0,
CR-00437,Diego Morales,43663520,CABA,Préstamo Personal,Estudio B,503712.04,104781.35,1045.27,105826.61,10.11,12,2024-03-01,2025-02-24,36,31-60 días,Mora Temprana,516,0.0,
CR-00438,Valentina Fernández,32791994,Rosario,Refinanciación,Estudio C,152660.65,30532.13,817.32,31349.45,15.03,12,2023-11-22,2024-11-16,65,61-90 días,Mora Temprana,477,0.0,
CR-00439,María López,32954653,Córdoba,Préstamo Personal,Estudio C,202884.47,40576.89,1219.94,41796.84,16.38,24,2023-05-27,2025-05-16,67,61-90 días,Mora Temprana,762,0.0,
CR-00440,Luis González,42269701,CABA,Préstamo Personal,Estudio C,301649.85,60329.97,319.58,60649.55,14.87,24,2023-04-27,2025-04-16,13,1-30 días,Mora Temprana,699,0.0,
CR-00441,Agustín López,41878127,CABA,Préstamo Personal,Estudio A,97602.87,48024.14,0.0,48024.14,17.03,12,2024-06-21,2025-06-16,0,Al día,Vigente,708,4322.99,2025-01-16
CR-00442,Agustín Martínez,25103807,Tucumán,Préstamo Personal,Estudio B,204071.95,147772.85,3374.05,151146.9,18.12,36,2023-10-13,2026-09-27,46,31-60 días,Mora Temprana,509,0.0,
CR-00443,Carlos González,36620471,GBA Norte,Préstamo Nómina,Estudio D,151707.32,124455.67,0.0,124455.67,8.17,48,2024-03-19,2028-02-27,0,Al día,Vigente,747,11877.32,2025-03-22
CR-00444,Sofía Pérez,21242172,GBA Norte,Préstamo Nómina,Estudio D,100604.41,20120.88,245.26,20366.14,15.89,12,2023-11-19,2024-11-13,28,1-30 días,Mora Temprana,300,0.0,
CR-00445,Valentina Sánchez,24236121,Rosario,Préstamo Personal,Estudio D,146109.89,87345.89,2333.64,89679.53,24.38,12,2024-08-09,2025-08-04,40,31-60 días,Mora Temprana,749,0.0,
CR-00446,Sofía García,36854094,Mendoza,Préstamo Personal,Estudio A,49470.56,13838.65,331.68,14170.33,16.82,18,2023-11-24,2025-05-17,52,31-60 días,Mora Temprana,570,1657.98,2025-02-17
CR-00447,Luis Jiménez,39803169,Tucumán,Préstamo Personal,Estudio A,49603.58,32166.93,860.06,33026.99,19.52,36,2024-05-03,2027-04-18,50,31-60 días,Mora Temprana,599,3020.24,2025-02-18
CR-00448,Sofía González,31139893,Córdoba,Refinanciación,Estudio C,103645.64,97893.88,3638.89,101532.77,13.3,36,2024-11-18,2027-11-03,102,91-180 días,Mora Avanzada,438,0.0,
CR-00449,Florencia Ruiz,23367677,GBA Norte,Préstamo Nómina,Estudio D,750466.48,150093.3,2088.1,152181.4,21.16,12,2023-10-14,2024-10-08,24,1-30 días,Mora Temprana,307,54802.07,2025-03-13
CR-00450,Pablo Flores,34774224,CABA,Préstamo Personal,Estudio A,198804.01,39760.8,829.02,40589.82,21.14,12,2024-01-04,2024-12-29,36,31-60 días,Mora Temprana,596,0.0,
CR-00451,Ana Jiménez,23345769,Córdoba,Préstamo Nómina,Estudio C,754768.0,672386.5,0.0,672386.5,16.86,18,2024-12-06,2026-05-30,0,Al día,Vigente,662,23515.57,2025-01-10
CR-00452,Florencia Ruiz,37647989,GBA Oeste,Préstamo Nómina,Estudio D,146107.21,51869.38,0.0,51869.38,24.59,18,2024-02-13,2025-08-06,0,Al día,Vigente,685,4889.06,2025-02-06
CR-00453,Pablo González,35331962,GBA Sur,Préstamo Personal,Estudio B,149225.48,29845.1,389.47,30234.57,10.13,12,2023-08-19,2024-08-13,47,31-60 días,Mora Temprana,669,7406.2,2025-03-08
CR-00454,Martín García,20514979,Mendoza,Refinanciación,Estudio C,195420.25,188539.95,856.24,189396.19,8.29,36,2024-10-11,2027-09-26,20,1-30 días,Mora Temprana,635,0.0,
CR-00455,Diego Rodríguez,44241192,CABA,Préstamo Personal,Estudio A,152399.04,35136.65,507.62,35644.27,21.09,24,2023-06-20,2025-06-09,25,1-30 días,Mora Temprana,441,0.0,
CR-00456,Camila González,24837053,GBA Sur,Préstamo Personal,Estudio A,104180.77,104180.77,0.0,104180.77,21.72,24,2025-02-09,2027-01-30,0,Al día,Vigente,695,5135.96,2025-02-20
CR-00457,Nicolás Morales,33756599,CABA,Préstamo Personal,Estudio C,197800.37,95970.02,290.48,96260.5,10.04,36,2023-10-13,2026-09-27,11,1-30 días,Mora Temprana,424,7964.07,2025-03-04
CR-00458,Nicolás González,41970815,GBA Sur,Préstamo Personal,Estudio C,103583.42,84406.02,1910.08,86316.1,12.51,24,2024-08-07,2026-07-28,66,61-90 días,Mora Temprana,746,0.0,
CR-00459,Valentina Flores,25179503,CABA,Préstamo Personal,Estudio A,197922.18,39584.44,0.0,39584.44,8.3,18,2023-10-17,2025-04-09,0,Al día,Vigente,567,12845.48,2025-03-13
CR-00460,Agustín Romero,22510819,CABA,Préstamo Nómina,Estudio B,204107.7,118036.94,1343.87,119380.82,12.99,18,2024-06-04,2025-11-26,32,31-60 días,Mora Temprana,572,0.0,
CR-00461,Camila Torres,35753490,CABA,Préstamo Personal,Estudio D,102539.62,20507.92,392.03,20899.95,21.14,12,2023-08-07,2024-08-01,33,31-60 días,Mora Temprana,709,4047.91,2025-02-27
CR-00462,Florencia Martínez,28892688,GBA Oeste,Préstamo Nómina,Estudio B,53049.07,29529.81,0.0,29529.81,16.81,24,2023-11-15,2025-11-04,0,Al día,Vigente,730,0.0,
CR-00463,Martín Martínez,31360229,Córdoba,Préstamo Personal,Estudio C,295180.07,59036.01,0.0,59036.01,13.92,12,2023-06-01,2024-05-26,0,Al día,Vigente,695,17553.57,2025-02-23
CR-00464,Laura González,40913115,GBA Oeste,Préstamo Personal,Estudio B,154628.1,96855.67,38.0,96893.67,14.32,24,2024-07-03,2026-06-23,1,1-30 días,Mora Temprana,456,0.0,
CR-00465,Martín García,43243309,Tucumán,Préstamo Personal,Estudio A,52266.71,12086.65,0.0,12086.65,8.02,12,2024-05-25,2025-05-20,0,Al día,Vigente,694,0.0,
CR-00466,Sofía Pérez,33337327,GBA Norte,Préstamo Personal,Estudio C,998047.51,829193.28,27967.24,857160.52,13.1,12,2025-01-11,2026-01-06,94,91-180 días,Mora Avanzada,457,0.0,
CR-00467,Lucía Díaz,41804899,GBA Norte,Préstamo Nómina,Estudio D,53293.95,10658.79,2062.9,12721.69,18.99,12,2023-12-02,2024-11-26,372,+180 días,Incobrable,698,3379.03,2025-01-27
CR-00468,Camila González,22694934,Rosario,Préstamo Personal,Estudio A,197815.21,39563.04,5084.89,44647.93,24.56,6,2024-05-19,2024-11-15,191,+180 días,Incobrable,366,0.0,
CR-00469,Agustín López,31024831,CABA,Préstamo Personal,Estudio A,1003727.54,823682.26,29318.62,853000.88,22.4,24,2024-12-07,2026-11-27,58,31-60 días,Mora Temprana,565,0.0,
CR-00470,Nicolás Sánchez,42627682,Tucumán,Préstamo Personal,Estudio D,96125.8,64361.42,977.72,65339.14,8.4,24,2024-06-04,2026-05-25,66,61-90 días,Mora Temprana,456,4388.18,2025-02-13
CR-00471,Florencia López,37905393,CABA,Préstamo Nómina,Estudio D,102036.86,27117.21,0.0,27117.21,23.28,18,2023-12-12,2025-06-04,0,Al día,Vigente,710,3707.45,2025-02-23
CR-00472,Pablo Romero,32750999,Tucumán,Refinanciación,Estudio B,100406.98,20081.4,0.0,20081.4,21.31,12,2023-06-20,2024-06-14,0,Al día,Vigente,747,0.0,
CR-00473,Ana Morales,30625385,CABA,Préstamo Nómina,Estudio C,145965.34,29193.07,4592.45,33785.52,21.27,6,2023-10-11,2024-04-08,270,+180 días,Incobrable,609,10240.36,2025-03-21
CR-00474,Sofía Torres,41031890,Rosario,Préstamo Personal,Estudio D,97418.94,19483.79,0.0,19483.79,15.79,6,2023-04-15,2023-10-12,0,Al día,Vigente,604,0.0,
CR-00475,Pablo Díaz,44116154,GBA Sur,Préstamo Personal,Estudio D,195124.04,39024.81,0.0,39024.81,14.77,12,2023-11-01,2024-10-26,0,Al día,Vigente,685,9242.93,2025-03-15
CR-00476,Ana Fernández,36372800,Tucumán,Préstamo Personal,Estudio C,49687.68,47157.22,0.0,47157.22,13.15,36,2024-10-04,2027-09-19,0,Al día,Vigente,748,0.0,
CR-00477,Lucía González,38153485,CABA,Préstamo Personal,Estudio D,198012.65,172198.01,11827.99,184026.0,9.12,12,2024-12-10,2025-12-05,275,+180 días,Incobrable,585,0.0,
CR-00478,María Jiménez,21204573,GBA Oeste,Préstamo Personal,Estudio D,1000983.57,291002.86,25667.89,316670.75,11.88,12,2024-04-30,2025-04-25,271,+180 días,Incobrable,505,0.0,
CR-00479,Martín López,40718501,Tucumán,Préstamo Personal,Estudio B,297972.38,59594.48,1970.75,61565.23,12.19,12,2023-06-24,2024-06-18,99,91-180 días,Mora Avanzada,677,20740.23,2025-02-07
CR-00480,Ana Rodríguez,22295819,GBA Sur,Préstamo Personal,Estudio A,197999.19,39599.84,1778.37,41378.21,16.23,12,2023-10-03,2024-09-27,101,91-180 días,Mora Avanzada,301,0.0,
CR-00481,Sofía Pérez,27877582,GBA Oeste,Préstamo Personal,Estudio A,152431.93,82052.94,0.0,82052.94,20.71,18,2024-03-23,2025-09-14,0,Al día,Vigente,716,5723.04,2025-02-03
CR-00482,Luis Sánchez,41178249,Córdoba,Préstamo Nómina,Estudio A,195481.43,46442.5,0.0,46442.5,16.05,18,2023-12-20,2025-06-12,0,Al día,Vigente,473,0.0,
CR-00483,Diego Pérez,42964638,GBA Sur,Préstamo Personal,Estudio A,204028.95,40805.79,0.0,40805.79,8.98,12,2024-02-11,2025-02-05,0,Al día,Vigente,543,0.0,
CR-00484,Camila Morales,29642839,GBA Oeste,Préstamo Personal,Estudio D,153522.64,30704.53,0.0,30704.53,24.28,6,2024-03-19,2024-09-15,0,Al día,Vigente,717,6919.95,2025-02-14
CR-00485,Sofía Rodríguez,27633172,GBA Oeste,Préstamo Nómina,Estudio C,101678.05,20335.61,0.0,20335.61,24.03,12,2023-08-14,2024-08-08,0,Al día,Vigente,517,0.0,
CR-00486,Camila Jiménez,23032627,Mendoza,Préstamo Personal,Estudio C,500932.22,100186.44,3691.63,103878.07,21.35,12,2024-01-21,2025-01-15,63,61-90 días,Mora Temprana,677,38912.45,2025-01-01
CR-00487,Sofía Rodríguez,34561666,CABA,Préstamo Nómina,Estudio B,153923.02,102786.86,0.0,102786.86,24.85,12,2024-11-25,2025-11-20,0,Al día,Vigente,750,0.0,
CR-00488,Nicolás Fernández,23303203,GBA Norte,Préstamo Personal,Estudio B,96853.3,77642.96,0.0,77642.96,17.26,48,2024-08-08,2028-07-18,0,Al día,Vigente,596,0.0,
CR-00489,Martín García,41265048,Tucumán,Préstamo Personal,Estudio D,145789.69,55487.5,0.0,55487.5,24.37,18,2024-04-26,2025-10-18,0,Al día,Vigente,626,0.0,
CR-00490,Agustín Romero,43618656,Rosario,Préstamo Nómina,Estudio C,147395.1,74879.34,0.0,74879.34,9.29,18,2024-05-19,2025-11-10,0,Al día,Vigente,562,8287.24,2025-02-11
CR-00491,Ana Pérez,23372463,GBA Sur,Préstamo Nómina,Estudio C,302945.78,167460.53,587.03,168047.56,14.22,18,2024-05-01,2025-10-23,9,1-30 días,Mora Temprana,597,0.0,
CR-00492,Luis Díaz,34887381,GBA Oeste,Préstamo Nómina,Estudio A,295346.7,185661.5,3490.57,189152.07,11.83,18,2024-09-15,2026-03-09,58,31-60 días,Mora Temprana,412,0.0,
CR-00493,Carlos Ruiz,25582275,GBA Norte,Préstamo Personal,Estudio D,300828.07,219472.26,0.0,219472.26,11.33,18,2024-10-17,2026-04-10,0,Al día,Vigente,535,15051.89,2025-02-20
CR-00494,Lucía García,43286814,CABA,Préstamo Personal,Estudio D,54954.38,48876.53,0.0,48876.53,10.39,24,2025-01-07,2026-12-28,0,Al día,Vigente,386,0.0,
CR-00495,Camila García,30048414,GBA Sur,Préstamo Personal,Estudio A,153556.96,146427.6,1118.13,147545.73,18.58,24,2024-12-25,2026-12-15,15,1-30 días,Mora Temprana,445,7960.66,2025-01-22
CR-00496,Luis Martínez,20971308,GBA Norte,Préstamo Personal,Estudio D,150214.46,30042.89,1156.15,31199.04,21.28,12,2024-01-10,2025-01-04,66,61-90 días,Mora Temprana,300,0.0,
CR-00497,Nicolás García,21543200,GBA Oeste,Refinanciación,Estudio D,45636.41,35276.6,0.0,35276.6,17.83,18,2024-08-21,2026-02-12,0,Al día,Vigente,619,0.0,
CR-00498,Pablo López,30884207,CABA,Préstamo Personal,Estudio B,103313.74,34019.38,410.96,34430.34,10.5,18,2024-03-11,2025-09-02,42,31-60 días,Mora Temprana,833,5429.6,2025-03-23
CR-00499,Luis López,21883048,Tucumán,Refinanciación,Estudio C,300989.79,260062.58,19095.43,279158.01,21.79,36,2024-08-02,2027-07-18,123,91-180 días,Mora Avanzada,511,0.0,
CR-00500,Martín Díaz,29843789,Tucumán,Préstamo Personal,Estudio D,96149.33,40924.08,0.0,40924.08,18.81,18,2024-01-07,2025-06-30,0,Al día,Vigente,724,5232.22,2025-02-09
